,0,1,2,3,4,5,6,7
0,44.32931040258041,32.07472024333259,31.59596935408699,42.60559834168094,33.23474688414928,32.15965477416978,108,44
1,76.71520030857981,69.0188365000671,65.26596319135308,76.82332836968905,69.35803761651805,64.81863401379294,211,90
2,63.195482482256125,53.843969729195436,54.96054778854847,64.25309938004571,53.69746933657295,54.04943128338137,172,80
3,44.544977982743944,33.4154477187244,33.03957429853165,44.21427086731139,34.24789415500985,32.53783497767874,111,65
4,83.11596132276617,84.084558526303,71.79948015093082,84.72850996357657,81.92274421414486,72.34874582227856,239,83
5,46.24081474270103,42.45008310492526,44.30910215237371,47.86563017189219,42.244090821497565,42.89027900661027,133,66
6,49.69358766859198,41.954775363298516,41.35163696810951,49.63618532175855,42.324581646112385,41.03923303212907,133,60
7,73.61771171056152,59.41844622690286,56.96384206253562,72.92858771286585,61.276508241408706,55.79490404572545,190,85
8,83.36843055369778,70.78649228253016,71.84507716377203,83.2766959067563,71.61490134354912,71.10840274969458,226,101
9,60.94630897445316,47.97490290705437,48.078788118492454,59.27880567773358,49.9101703406477,47.81102398161869,157,55
10,59.35702647508711,54.27514084704242,52.36783267787045,59.06440436150984,54.81686026811812,52.118735370372065,166,46
11,103.30869467532169,80.4140977409995,79.27720758367887,100.4529619954316,81.91876393835156,80.6282740662168,263,97
12,35.939274985023324,31.039811191374564,32.0209138236021,36.0937044591409,31.73133556801704,31.17495997284205,99,59
13,77.46234231379945,61.95514873423183,60.58250895196875,78.11201895824297,62.45990568291522,59.42807535884183,200,102
14,66.1860130896637,60.730679084941556,57.08330782539474,67.31370128363461,60.11701683286154,56.569281883503855,184,94
15,59.70476945842669,53.68328586778463,56.61194467378867,59.87091283255718,54.135512404497305,55.99357476294555,170,75
16,76.12738788124186,68.09831791731142,65.77429420144674,77.37611657962285,67.90352724552837,64.72035617484879,210,103
17,59.595548838609325,46.96071047524143,45.44374068614927,60.025793740788686,46.96201781719854,45.01218844201276,152,81
18,99.42587030508817,75.33272077045362,78.2414089244583,97.96540566846984,76.90054616498063,78.13404816654958,253,125
19,48.30565595535489,47.33762399591354,48.3567200487316,48.83159383866089,47.2953975955546,47.87300856578449,144,77
20,55.615829941845575,45.639284976432144,42.74488508172229,56.06580435651851,45.68567677450884,42.24851886897265,144,85
21,87.32860542809954,68.1717561942259,66.49963837767457,84.91800132216373,70.3459403803473,66.73605829748897,222,88
22,125.72365649022942,109.15590514288951,102.12043836688109,121.99901760442681,113.05167791863876,101.94930447693446,337,79
23,87.95140221116476,75.53822002271141,73.51037776612378,85.7208276065352,76.44014385465078,74.83902853881402,237,100
24,73.76112248422105,62.34089281373234,65.89798470204664,72.91654442045814,64.48197417596258,64.60148140357924,202,65
25,60.11148052178172,42.64481305447912,46.24370642373914,59.88279372230096,43.229832887909424,45.88737338978963,149,89
26,64.48949082346654,54.456549295501425,51.05395988103203,63.31849928484632,55.39163252564505,51.28986818950862,170,79
27,49.72406882691983,45.037014284425304,43.238916888654856,48.894854143476365,45.73601118636094,43.369134670162744,138,55
28,62.598988756329796,57.26125199647563,57.13975924719458,63.32558465670204,57.34028726960712,56.334128073690835,177,86
29,55.03194709730852,39.30339681133152,35.664656091359966,54.06130721720849,40.12475131842356,35.81394146436793,130,82
30,123.97132647195231,82.24381453273898,75.78485899530874,118.30952544616522,85.71020198815798,77.98027256567684,282,97
31,53.79143857534983,51.64468258225047,47.56387884239971,54.724332162284824,51.10281773407311,47.172850103642084,153,79
32,53.83630989470093,47.609743951519405,46.55394615377965,55.21811758993444,47.21347976017374,45.568402649891866,148,83
33,56.35140301179822,48.9598687145599,48.688728273641864,57.34915609048293,48.84061915478199,47.810224754735074,154,93
34,67.60660722300851,52.3467752584427,51.04661751854879,67.4003139086808,53.18953936421647,50.410146727102756,171,92
35,77.27425861417271,60.61461141977376,59.11112996605354,76.35709611052943,61.31575827916933,59.32714561030124,197,63
36,81.24315612510419,64.14974020639355,67.6071036685023,79.63236855162667,64.82347874615552,68.54415270221783,213,101
37,41.5852684388741,36.97562968494517,37.439101876180736,41.17930702460102,37.931979797661086,36.8887131777379,116,65
38,64.81520156948636,45.43053425806273,45.7542641724509,63.54551167849642,46.40303746706121,46.0514508544424,156,71
39,65.48392583220024,48.75697189335627,47.759102274443485,65.18708668832832,48.72389816083811,48.089015150833596,162,80
40,56.81760708910532,53.335307076164355,50.847085834730365,57.561177031658985,52.960939134009585,50.47788383433143,161,80
41,66.12135871994654,48.4082561992349,48.47038508081854,65.6278857752217,49.186842697014164,48.185271527764144,163,66
42,73.82691877586619,57.30946300048033,52.86361822365352,72.13254553212565,59.42742183175037,52.44003263612404,184,96
43,70.91200950280323,53.83055957877555,53.257430918421214,70.97263786738425,54.30528203819062,52.722080094425145,178,105
44,53.51255335523808,50.22597158640605,48.26147505835587,53.95718349845557,50.82127029687683,47.221546204667625,152,80
45,72.15308229040193,58.80960815065872,59.0373095589394,72.93919273424369,58.9643550343122,58.09645223144407,190,113
46,46.24642330296118,33.35296696886603,31.4006097281728,45.96641284212513,33.67321014590641,31.360377011968474,111,77
47,91.29222945119572,68.74284417750488,70.96492637129936,90.99629990115783,71.25961126186202,68.74408883698015,231,86
48,55.18427912410782,50.93616416383732,56.87955671205484,57.8857901019163,50.067071911926035,55.04713798615766,163,102
49,38.76938913283063,31.02865153100956,29.201959336159792,38.01746503850714,30.921043230769268,30.06149173072361,99,62
50,47.96923073392328,47.04000803903644,44.990761227040274,49.55701186719568,46.61269207071857,43.83029606208575,140,62
51,85.80715443678861,72.82502867605774,70.36781688715367,85.13506550313117,73.10631574599932,70.7586187508695,229,99
52,56.3577097999243,47.300690034518354,49.34160016555736,56.55071111245071,47.4969830180504,48.95230586949887,153,85
53,51.86235512123868,46.934486020116694,45.20315885864465,53.292597061834556,46.33148637641827,44.3759165617472,144,80
54,73.40887943670624,54.444351372634586,50.14676919065917,71.20397060768886,56.41300245309421,50.383026939216926,178,74
55,66.12135871994654,48.4082561992349,48.47038508081854,65.6278857752217,49.186842697014164,48.185271527764144,163,66
56,70.96704012571702,66.30954058810171,64.7234192861813,72.98096109671161,66.15123447089809,62.867804432390294,202,87
57,107.52177397134729,90.00208187646375,87.47614415218894,106.14214555766598,91.12226632146243,87.73558812087157,285,84
58,42.71295777724662,37.285236395314335,38.001805827439036,43.20028494075842,37.63623584536573,37.16347921387587,118,72
59,93.88989645400193,83.11666886300624,79.99343468299176,95.29772381853931,83.60775679308162,78.094519388379,257,111
60,62.387350931965486,42.92309201864096,42.68955704939356,62.842219891389554,43.5547952907892,41.60298481782126,148,88
61,56.47910268985,49.589923138384734,48.9309741717653,56.8215659708637,49.7070658175789,48.4713682115574,155,82
62,40.19845514288376,35.60335048336771,35.19819437374853,40.81417563389908,35.67603709229235,34.50978727380856,111,59
63,55.254926999341954,38.55115392158678,35.193919079071314,54.25865959259167,38.704294275007406,36.03704613240096,129,69
64,77.99825386835083,56.59762337331485,54.40412275833436,77.1931850733341,57.345090510400034,54.46172441626586,189,94
65,102.71721014294462,74.85687994774045,79.4259099093149,102.02569239759777,76.1735070379969,78.80080056440534,257,83
66,81.7359877021237,52.56526665683864,53.698745641037675,81.52131677831787,53.301485592242074,53.17719762944005,188,109
67,92.01658064685819,74.26372584495134,72.71969350819052,91.53938277360804,75.4623304538973,71.99828677249461,239,110
68,98.54319785233044,69.20462883182378,72.25217331584588,97.0984759131782,70.27525018060564,72.62627390621616,240,101
69,47.02405650885,38.55954915015778,39.416394340992206,46.99869563866142,39.45993252656628,38.54137183477231,125,73
70,48.48641248470185,32.78073594128268,34.73285157401546,47.47330735741967,33.665881834313225,34.86081080826712,116,64
71,68.10331645603524,58.80033614825023,63.09634739571453,67.88663967500082,59.773280578124094,62.340079746875084,190,94
72,138.36822567869766,107.07326342115961,100.55851090014262,131.29384083491033,111.57242821771112,103.13373094737857,346,140
73,51.462548274983014,44.527584013696135,43.009867711320844,51.94770027587251,44.081889530621474,42.97041019350604,139,74
74,84.64155666529173,67.52723862591262,67.83120470879562,84.40456659925397,67.81546851844244,67.7799648823036,220,83
75,68.93011469819608,59.32567434567147,53.74421095613242,70.18312054509829,57.86272490132906,53.95415455357262,182,88
76,69.05527970222492,51.87060291235501,51.0741173854201,69.32177574822211,52.23721475154267,50.441009500235246,172,89
77,86.59658030930477,62.03953336048907,63.36388633020616,84.43474861702036,64.01489232416161,63.55035905881803,212,71
78,58.79310079133438,46.37754505395971,44.8293541547059,57.302028941319314,47.3514816575435,45.34648940113718,150,73
79,140.70217479770128,108.79378229238294,105.50404290991577,137.77212845566643,110.29996205412141,106.92790949021206,355,118
80,45.27681748701744,32.41579485348305,31.307387659499536,44.39033073802453,32.84790099931802,31.761768262657448,109,71
81,82.56905639228793,59.97801619555809,66.45292741215393,82.34503529126708,60.55230870520402,66.10265600352889,209,75
82,38.95106983310472,34.78792144965471,35.26100871724056,39.39446396510293,34.863345184255195,34.74219085064189,109,57
83,137.71910052274404,110.70332037786714,115.57757909938871,136.59175406177917,112.12876806586712,115.27947787235367,364,112
84,66.0446250662907,55.57211050097336,54.38326443273596,66.4676713183463,55.36209898883165,54.17022969282206,176,83
85,56.53005201268339,47.70545578260476,44.764492204711814,56.32564842393435,47.11924009587757,45.555111480188096,149,69
86,94.2816045854587,67.50498978405747,67.21340563048385,93.37097742998904,68.43626607713423,67.19275649287671,229,84
87,92.1504415940528,85.5611152286182,84.288443177329,93.12973590715251,85.97902909345957,82.891234999388,262,69
88,39.385305679800375,31.88376153868001,31.73093278151962,38.87274132005791,32.36834263609538,31.758916043846707,103,44
89,69.27113623947714,62.54828453635211,64.18057922417074,70.00773443488778,63.02663039006316,62.96563517504901,196,91
90,121.65254487389477,97.72073662375712,96.62671850234818,119.95807435854468,99.89063675985106,96.1512888816042,316,103
91,75.47871624550766,59.806105864913455,59.71517788957895,74.19605514006152,61.71479643839005,59.08914842154844,195,95
92,65.4077235987206,51.02105214054553,49.57122426073387,66.40077279467629,50.43343922201028,49.16578798331346,166,119
93,76.9666562437626,65.2856451280766,64.74769862816085,76.94505104942064,65.51771923101775,64.53722971956164,207,92
94,91.22182711083076,71.24959920301855,72.52857368615075,89.13481490710488,72.96815431550984,72.8970307773853,235,91
95,80.82068659511826,60.54670161207669,63.63261179280501,79.88527926455873,61.606216061819886,63.50850467362135,205,94
96,58.232611931279436,48.11255588428739,48.65483218443322,58.69190958548091,48.47952677854389,47.82856363597523,155,76
97,30.445645345343305,29.158839647503584,28.3955150071531,31.2206097162291,29.323098892549666,27.456291391221235,88,49
98,76.7859295153656,54.602595070702996,56.611475413931416,74.60222103062306,56.76154879502556,56.6362301743514,188,72
99,37.86103338581364,32.96813246517549,32.17083414901087,38.43983612595047,32.699656350807025,31.860507523242493,103,58
100,119.71388309579848,115.07954281281462,104.20657409138691,118.25525527038161,115.8539307973203,104.89081393229816,339,118
101,43.14033586963839,33.510754985339865,31.348909145021732,42.51248930650003,33.76980760965938,31.717703083840593,108,67
102,92.20929296210535,82.38089981144053,87.40980722645416,92.29429380690316,83.35077383169599,86.35493236140087,262,89
103,53.60214526472511,43.99708249269303,42.400772242581866,52.43819479944025,45.14761868611795,42.41418651444181,140,65
104,42.435386012161615,33.40356124805856,33.16105273977981,42.74855613109524,33.84758754199136,32.4038563269134,109,70
105,98.11923348440517,66.88541078170981,67.99535573388506,98.228859534321,67.67464756172946,67.09649290394954,233,110
106,58.96974759542294,52.99029620812033,56.03995619645675,58.793111392913566,54.04359716971834,55.16329143736813,168,64
107,49.95359100419176,36.96279471835188,36.083614277456356,49.38776074415995,37.27140740219384,36.340831853646236,123,59
108,47.798781997093506,36.634403690191725,36.56681431271478,47.08097252796053,37.43616334225847,36.48286412978101,121,59
109,59.44564379234085,35.57944532744877,33.974910880210366,58.18680260692163,37.041464667025515,33.77173272605287,129,68
110,87.04486903789854,79.21932014019966,71.73581082190186,85.73707346726445,79.25181631917431,73.01111021356122,238,90
111,148.06679807273667,133.9751470117488,123.95805491551445,145.89052983655102,135.807778711514,124.30169145193499,406,108
112,85.72299976051593,71.74292199625175,71.53407824323229,86.07246629132426,71.76229871124369,71.16523499743208,229,102
113,62.19986242648414,55.31664120120359,53.48349637231229,61.166941154884924,56.56351865324204,53.26954019187306,171,65
114,54.607516229862966,38.717728176446556,40.674755593690456,52.58179159071587,40.780883247041345,40.637325162242774,134,60
115,57.32343636826339,42.13143570788448,41.54512792385215,56.36898702071798,43.16932684747215,41.46168613180983,141,77
116,92.73464371662763,77.12127747894702,79.14407880442533,91.50207696669956,79.24123771073107,78.2566853225694,249,95
117,149.45231906056117,113.51493369335914,103.03274724607974,142.24665291626533,120.32364093780964,103.42970614592501,366,111
118,88.37451367478364,72.21903029181368,67.40645603340268,84.77143352759325,74.89477984040518,68.33378663200158,228,88
119,109.85420417225487,95.72124367003457,95.42455215771062,108.23479600262682,97.82422535384666,94.94097864352653,301,100
120,66.37481422438793,46.471209799815654,50.153975975796435,64.99192693827894,48.242792630321475,49.7652804313996,163,85
121,74.01587531790467,63.65101168699874,60.33311299509656,74.96006582095629,62.94371183109662,60.096222347947055,198,95
122,96.48162436703012,83.63610422254912,81.88227141042077,93.99997511017534,84.77768776134063,83.22233712848406,262,76
123,86.8628934864326,61.279096762271465,66.85800975129591,85.66250567370332,62.61669710095229,66.72079722534436,215,72
124,69.67467975941688,57.75778415832612,57.56753608225703,70.05879629092829,57.98982314031714,56.951380568754615,185,95
125,71.60078348717639,65.36041167218823,66.03880484063531,71.50388180214739,66.99891280419843,64.49720539365423,203,73
126,67.4154208847065,58.6287025221819,60.955876593111626,68.27007419604836,59.2817130841806,59.44821271977106,187,102
127,44.04326126067613,34.487338664664456,35.46940007465941,45.08371309912305,34.91299192969532,34.0032949711816,114,68
128,50.16841568930927,37.02597040248239,36.80561390820832,50.07851626553819,37.44980450981809,36.471679224643744,124,81
129,66.86515356995928,56.3174578000988,53.81738862994193,67.44580239813371,55.883659810973114,53.67053779089322,177,77
130,77.1997521699121,69.6182198812549,64.18202794883304,79.0867602124997,68.24715423344054,63.666085554059684,211,90
131,109.51277189041745,88.4437165351201,86.04351157446249,108.02699368791217,91.14615676186737,84.82684955022039,284,97
132,100.45418413376524,77.23853497930976,80.30728088692499,100.45210992784561,78.9526716332249,78.59521843892942,258,108
133,58.801334426093746,42.49101766338143,45.70764791052485,59.17594534698977,43.06038288214836,44.76367177086186,147,84
134,44.251640785417976,39.14099569851348,37.60736351606856,45.28699641271077,39.03076255253134,36.682241034757894,121,75
135,96.93029574170899,67.01903929789037,66.05066496040064,91.92760934110909,72.93588133885456,65.13650932003632,230,106
136,56.938528389309624,51.89969645402362,46.16177515666679,56.70489053689825,52.207265776712276,46.08784368638945,155,69
137,50.15160873909557,39.34916858619937,39.499222674705045,50.41426445617368,39.609936952692834,38.97579859113349,129,64
138,56.84076443277988,61.551343603218186,52.607891964001944,57.61202590332168,61.26816428588984,52.11980981078851,171,98
139,29.557751497217517,34.83689105487271,30.605357447909775,30.268303030549145,35.17629817395453,29.55539879549631,95,70
140,37.803629145183606,90.65344906993488,43.54292178488148,39.59474158360239,88.6327558184948,43.77250259790281,172,86
141,51.016226000327116,57.29477418085082,54.68899981882205,51.63328276738105,56.78740177466314,54.579315457955836,163,71
142,35.48971567983206,44.38625906708811,37.12402525307983,35.561327551408326,43.3058626675978,38.13280978099387,117,59
143,104.20772404385195,128.42304198353688,120.36923397261124,109.12327116886745,124.97235839627687,118.90437043485566,353,126
144,62.10025954891395,71.73936413968687,64.16037631139919,62.07319496515051,72.04959297686922,63.87721205798026,198,66
145,92.35715720229865,88.54470267914681,78.09814011855457,95.09628693344254,86.5894944049343,77.31421866162313,259,84
146,28.76498980290982,32.75418849047303,29.480821706617153,29.438068079943015,32.18134574273258,29.380586177324393,91,60
147,110.90031892392867,113.62450052508129,106.47518055099003,115.02059549065049,112.56258258723562,103.41682192211387,331,82
148,59.09660143727926,76.47263741103062,69.43076115169013,61.437266993112516,75.53041026834546,68.03232273854205,205,93
149,91.78798852806163,102.2470348625032,87.96497660943524,94.52414630790993,101.0191176710591,86.45673602103096,282,98
150,29.460441026719398,39.40317341702287,33.13638555625775,30.690555920779914,38.306640860091505,33.00280321912857,102,61
151,45.85319884277985,48.00117108069616,44.145630076524,47.104839506196726,47.470083512504445,43.425076981298844,138,68
152,61.42716044553817,76.7310774630737,60.84176209138815,62.40592072182669,75.92176453129682,60.67231474687647,199,83
153,73.13659834775375,89.63210812396028,77.23129352828593,76.87636986118706,86.41413816597525,76.70949197283775,240,90
154,51.52137398298944,57.016866716260104,50.461759300750444,52.28929782969337,55.45759256090665,51.253109609400035,159,70
155,45.809454935858874,54.19133503444691,49.999210029694204,47.433050839107125,55.07427274084371,47.49267642004922,150,69
156,51.193321277993924,59.02847928632556,48.7781994356805,51.50005636125828,57.690298623061864,49.80964501567988,159,67
157,65.27875296142942,76.8654786234988,62.85576841507174,67.19066206982548,74.93732616320865,62.872011766965876,205,89
158,84.6993217526167,86.84143874619872,81.4592395011846,87.32693062284064,83.95889183313346,81.71417754402586,253,96
159,32.436987782003555,47.27415668365464,36.288855534341835,34.00165152081499,46.4205232306455,35.577825248539504,116,76
160,78.01741304516958,119.62661455703144,80.35597239779904,81.01147853536307,116.44498023084971,80.54354123378722,278,124
161,40.18154341874677,42.44778347963823,36.37067310161502,40.139027120117674,42.84214336157237,36.01882951830999,119,70
162,19.608644430144366,46.182088456571236,27.20926711328439,20.917505569226318,46.06530611201408,26.0171883187596,93,66
163,37.64366128458333,36.97032558644941,34.38601312896726,38.25203774677568,36.758655915969754,33.98930633725458,109,48
164,82.38474200075201,92.00033819408168,87.61491980516628,87.16559059505161,89.3413508135482,85.49305859140019,262,98
165,46.65276460531989,55.690439944038296,46.65679545064178,47.94916008327562,55.62987405486855,45.42096586185584,149,84
166,30.850940923253173,57.979434427803774,40.16962464894309,32.062890977008244,56.832154772654995,40.10495425033676,129,92
167,29.27028840622545,39.80445994437571,38.925251649398845,31.110036297436633,38.78426492702068,38.105698775542685,108,64
168,66.75790507051471,97.60376982300102,74.6383251064843,75.53266194184829,88.05452046755212,75.41281759059963,239,96
169,49.141402780662375,49.79976200012377,40.05883521921386,49.25313824855382,48.935761854489,40.81109989695717,139,75
170,56.33007170070469,65.16118820896627,59.50874009032904,58.32597169313827,63.03419584945352,59.639832457408254,181,73
171,58.53967679454327,72.54640883056236,54.91391437489442,60.32689173569989,70.76108671010611,54.91202155419404,186,93
172,54.18336206459397,74.47937309584451,64.3372648395615,56.47215797152074,71.31129023179557,65.21655179668369,193,80
173,48.031264003135306,69.83231134993504,50.13642464692964,49.48267056501752,70.20734671279202,48.309982722190455,168,112
174,35.65856835264123,45.705483091492226,38.635948555866555,37.097311563715806,44.84160103382895,38.06108740245526,120,65
175,75.84721857551939,91.90821255204085,76.24456887243976,77.44593860439142,90.068912357803,76.4851490378056,244,82
176,81.09270456727494,93.62204267336548,88.28525275935958,82.81674117145627,92.16094247202241,88.02231635652126,263,110
177,69.0289365622641,86.30570944348347,75.66535399425243,70.26423808726297,84.99430553753179,75.74145637520526,231,106
178,44.074327161044934,46.98745204503279,45.93822079392229,44.84106410580955,46.52364897616699,45.635286918023475,137,72
179,51.01281484601154,46.983418445700025,43.00376670828841,52.47719671374637,46.5340706654729,41.9887326207807,141,70
180,51.81007510417103,68.75031021740078,53.43961467842819,53.230475895669585,69.08623572293162,51.683288381398825,174,98
181,46.97960822744372,68.87030848947462,48.15008328308164,46.962292933701235,68.07925622103893,48.95845084525983,164,94
182,53.00573465657229,52.286881747348986,47.707383596078735,53.880534823967025,51.742369441794715,47.37709573423829,153,72
183,49.605064007320486,47.82826464378405,43.56667134889546,49.917190724934684,47.713363684546124,43.36944559051919,141,75
184,75.63677155387965,76.65867609447241,68.70455235164796,76.2205303536942,77.8860366973695,66.89343294893631,221,80
185,57.394300381137484,61.17132612336229,53.43437349550022,58.44339085725515,60.560483382038214,52.99612576070665,172,69
186,52.99286131541934,68.6750127223557,56.33212596222501,54.058606917908506,68.38407194290981,55.55732113918171,178,92
187,80.68385544671808,96.16404959924947,84.15209495403249,82.90938049402114,94.29559865950559,83.79502084647328,261,114
188,46.34181028045354,47.86290698748732,45.79528273205919,46.6493162325195,48.63683964744253,44.71384412003798,140,80
189,72.79102632910902,82.81442941528356,70.39454425560741,74.94757843904429,80.51789091989595,70.53453064105977,226,81
190,40.3224270988798,45.99395944782843,36.6836134532918,40.7207313578715,46.2455054521208,36.03376319000769,123,71
191,61.7179429976363,212.44853992659924,63.83351707576455,66.8559561471417,170.26953197978258,100.8745118730757,338,105
192,36.96894615488608,51.73334003191984,46.297713813194086,39.30631178734647,49.7078662889532,45.98582192370035,135,76
193,45.97440166880688,43.35600161778068,41.66959671341243,47.195760546805225,42.59409096829197,41.2101484849028,131,67
194,66.44347615549967,72.62813052552438,62.92839331897593,67.20425667142155,71.59495374864238,63.200789579936085,202,84
195,53.718334315220886,53.023910543884796,49.25775514089434,54.21012545860104,52.502609112311426,49.28726542908752,156,69
196,22.305897790643872,22.06903061262147,18.625071596734653,21.946477881358184,22.645284127811184,18.40823799083063,63,52
197,51.90817814710213,76.2424229441673,51.8493989087306,52.95665877653565,76.2096558382214,50.83368538524299,180,120
198,37.912532003135254,41.632240084503685,37.45522791236105,38.40639546498371,41.876788547727735,36.716815987288555,117,61
199,49.018659949965496,60.10944746955573,46.871892580478786,50.630398695545644,58.75802143822635,46.611579866228006,156,82
200,56.81760708910532,53.335307076164355,50.847085834730365,57.561177031658985,52.960939134009585,50.47788383433143,161,80
201,31.849470592222517,52.760086367055195,35.3904430407223,34.20041026201718,50.40973227636813,35.38985746161472,120,55
202,53.421842817348676,92.8192378519609,59.758919330690404,54.52026924599979,91.50251024606935,59.97722050793084,206,86
203,50.28234373652319,48.984280741665415,45.733375521811425,50.21098036284862,49.3285259124178,45.460493724733574,145,87
204,48.45530247752974,55.782033223512634,45.76266429895766,50.04167315565405,54.04729170335162,45.91103514099432,150,66
205,72.54708108048358,79.89456356598733,64.55835535352912,73.42848049708522,79.13886304189617,64.43265646101864,217,70
206,95.79391866339354,166.92459231336298,116.28148902324352,99.01683422837164,165.93040881111844,114.05275696051004,379,174
207,101.8032666284136,114.37403502048004,108.82269835110642,106.29314569978638,111.80073368043108,106.90612061978251,325,111
208,30.35783798332318,49.213254310131546,33.42890770654527,31.26231226404939,46.05192819788669,35.68575953806392,113,60
209,50.5878964459076,47.26902616225215,45.14307739184025,50.60653637173291,47.474302728118914,44.919160900148164,143,83
210,48.03235552902635,46.55687986884349,43.41076460213017,49.20890925598965,45.95938421396729,42.83170653004307,138,80
211,42.223018953966786,48.50208199914818,40.27489904688504,42.85187673190864,48.2640996178498,39.88402365024157,131,78
212,39.35355825130283,48.128041540444954,46.51840020825218,40.0026071957792,50.17289508844804,43.82449771577276,134,78
213,71.6064871250228,72.57299996238606,61.820512912591184,72.86299895510479,72.14313687091473,60.99386417398046,206,93
214,60.600621122432955,67.83723647541143,55.56214240215562,61.879387874994634,67.97741193334483,54.14320019166054,184,86
215,41.20095131593058,59.45646386139027,47.34258482267914,43.8057450727476,58.692973921249724,45.50128100600267,148,81
216,59.81905694420183,66.2258940856925,54.95504897010567,59.80544523550683,66.41663822274352,54.77791654174969,181,94
217,40.17784459765123,42.36127977883557,38.46087562351318,41.36848080187647,42.56721831794397,37.064300880179566,121,65
218,53.382060175971105,56.847238357481444,51.77070146654746,53.911431121877975,57.56873098106016,50.51983789706186,162,99
219,41.174880399558745,43.506051001845776,38.319068598595486,41.0636408545865,43.85501584310026,38.08134330231327,123,70
220,51.71456391050123,72.59530952152122,51.69012656797761,54.52309865914328,68.40318363025894,53.07371771059781,176,74
221,34.3536863578479,33.43184602299958,34.214467619152515,35.8083600959908,33.34768238630062,32.84395751770858,102,40
222,53.31352410894041,75.00762622294994,57.67884966810963,54.89877115448348,74.99231410537587,56.10891474014066,186,85
223,59.41048161612604,63.28273934660457,55.30677903726941,60.057903372113664,63.66638929705292,54.275707330833406,178,88
224,129.85630011367186,117.40164879850106,105.74205108782708,130.68648318987266,115.93744543560732,106.37607137451998,353,109
225,51.58532631546893,58.9209085917122,51.4937650928189,53.338790399745896,58.319688130836006,50.34152146941809,162,87
226,44.57014115785722,47.307327190388015,46.122531651754805,45.73738936943721,47.189770254976,45.07284037558681,138,81
227,67.63804901605282,83.28952690510498,68.07242407884222,68.90974080037395,82.32313578500762,67.76712341461847,219,102
228,34.725916794867366,41.049252908126775,34.22483029700588,35.66835925298922,40.43302196627898,33.89861878073181,110,65
229,40.1577033750985,47.462260663920404,40.38003596098109,41.68141402387588,46.342074005547325,39.97651197057678,128,62
230,62.245748027205266,73.33008046595859,69.42417150683615,66.00004097684356,71.40125310080592,67.59870592235052,205,69
231,74.50820189963117,84.8780460177161,70.61375208265268,78.67939740282439,80.62714129904309,70.69346129813255,230,85
232,76.58100968835933,75.72035717635954,68.69863313528113,76.37985691599516,75.43218659797851,69.18795648602632,221,67
233,98.11010588645182,103.45950556517191,93.43038854837627,98.16866621550463,103.04339150836526,93.78794227613005,295,91
234,42.32556744949197,58.82296411743986,53.851468433068206,42.9642549097787,58.54455181994101,53.4911932702803,155,102
235,67.83876394973565,74.44833461877366,66.71290143149066,69.01525227042622,74.31106061958404,65.6736871099897,209,105
236,82.41139948527555,99.21583676334373,84.37276375138072,86.71371975110362,95.06440898425717,84.22187126463919,266,83
237,48.92180354679141,58.33682600846283,48.741370444745755,50.071288584546316,57.79639582992025,48.13231558553349,156,88
238,71.28449531419211,88.3450637137372,72.37044097207064,72.43789338168364,87.73822660515737,71.82388001315901,232,100
239,97.86865772689258,101.49723199088403,90.63411028222342,100.94320466303436,99.13165633000803,89.92513900695756,290,85
240,73.68919815896926,88.0971444181244,75.21365742290637,76.20193362020875,84.34617022500181,76.45189615478942,237,81
241,53.45331614446574,78.7398545766825,67.80682927885177,56.802085501092165,75.4736982698393,67.72421622906859,200,106
242,91.7766950717064,95.56332342344331,82.6599815048503,94.05894799921276,92.14866919498783,83.7923828057994,270,79
243,48.51779516393358,52.83510471834083,49.64710011772564,50.542670050254124,51.47070322157608,48.98662672816982,151,73
244,75.91049494280625,87.71466944187196,72.37483561532177,78.39038994801417,86.49540115505496,71.11420889693083,236,96
245,71.93971026837852,77.85804605374008,75.20224367788144,73.8481667486437,76.30784318694765,74.84399006440863,225,96
246,67.68437737157053,80.69461059421715,76.62101203421223,70.81037634521242,80.2167364886881,73.97288716609944,225,114
247,37.70489618364141,51.62062892944318,39.67447488691543,39.812644217057716,50.71004975597232,38.477306026969984,129,75
248,62.70958989668903,92.31236552824949,82.97804457506147,66.82941543075059,85.44408423625757,85.72650033299189,238,84
249,60.46457933864368,63.08451507721913,57.450905584137224,62.54772051998303,61.92826653711163,56.52401294290532,181,88
250,47.98592303998079,46.88955638576464,45.1245205742546,48.70957342613935,46.646144964573345,44.644281609287304,140,84
251,67.80400616871762,73.6830404873873,67.51295334389512,67.54217112795065,75.81971308327425,65.63811578877514,209,119
252,43.80532489236783,52.76030994355969,51.434365164072496,44.46637717512534,52.98110544109775,50.552517383776944,148,85
253,56.938528389309624,51.89969645402362,46.16177515666679,56.70489053689825,52.207265776712276,46.08784368638945,155,69
254,40.11974735054736,44.183748960439765,35.69650368901287,40.64512364467798,44.0232676722846,35.33160868303745,120,62
255,76.02408946700304,80.54169337891673,74.43421715408022,77.86641950013252,79.46532050675442,73.66825999311304,231,78
256,76.19413217645565,91.72726925794008,85.07859856560427,78.16789468174034,91.08650870948861,83.74559660877098,253,102
257,45.765139847157535,52.435849004311386,43.79901114853108,47.686810541130754,51.03963519343653,43.27355426543276,142,77
258,42.02194918070709,41.077576682471054,37.90047413682185,42.33999835370722,41.278729383701005,37.38127226259178,121,68
259,50.55126049246829,63.345946455460776,56.10279305207096,51.3520078617898,63.12415980687191,55.523832331338305,170,83
260,103.90106825142638,126.22539931671464,97.87353243185899,106.07857954590757,122.83261677333678,99.08880368075572,328,109
261,58.41109942964666,114.94435210786429,55.64454846248914,61.90739509778106,109.17217691874461,57.920427983474376,229,109
262,53.186655197840174,71.31413487698464,58.49920992517521,56.78817665728691,68.999528446651,57.21229489606209,183,69
263,44.69691122038351,65.42152362514372,54.88156515447274,47.67351405136575,63.4857922273559,53.84069372127838,165,81
264,62.02304764047781,85.75247404440967,62.22447831511254,63.99162664190034,83.90735004215311,62.1010233159466,210,109
265,67.79814492265878,112.66490325297949,77.53695182436174,72.2658386787974,110.26008976381746,75.47407155738517,258,138
266,40.07583320719515,51.36952026276943,44.55464653003541,39.87258746510809,51.72755564220662,44.39985689268527,136,61
267,47.39589235345794,52.14462846132635,49.45947918521569,49.68480693128673,51.581609010177736,47.73358405853555,149,81
268,40.45789472304551,46.84379933331864,42.69830594363586,42.16114874902325,45.31228860530394,42.52656264567282,130,62
269,30.267900580392926,45.525742732964176,45.20635668664291,31.703455503496482,45.722237146905904,43.57430734959761,121,50
270,73.93781357938845,94.72390453856607,80.33828188204548,78.09727816848515,91.23494025499241,79.66778157652244,249,90
271,88.27974470226746,98.76502673954892,84.9552285581836,91.88210941321518,94.84677657840636,85.27111400837846,272,87
272,97.70089867942879,113.19343994854168,91.10566137202947,100.8739240593973,110.13613676290414,90.98993917769862,302,100
273,41.4918649620363,46.366526456592894,42.14160858137079,42.23849109336754,45.83125807789324,41.93025082873924,130,80
274,127.74820060199839,131.26231279500857,105.989486602993,127.65493538670876,130.23133845590752,107.11372615738371,365,122
275,40.43316484334423,53.39190107771942,42.174934078936346,41.54769861736964,52.60495514569185,41.84734623693856,136,67
276,28.56748162159559,37.324105977717174,32.108412400687236,29.70208157738076,36.37506487476766,31.92285354785159,98,58
277,42.55383450775393,77.15889642177311,46.287269070472966,44.627855213770374,76.53171756477585,44.84042722145378,166,102
278,49.79448003512863,57.44402285863451,48.76149710623688,52.224434979422625,56.92236692883193,46.853198091745455,156,69
279,42.29773766096627,66.17858945793017,49.52367288110356,42.94598249260742,64.78389245966784,50.27012504772473,158,71
280,57.57266007514785,63.01357760051538,59.41376232433677,59.369316379277684,62.77065532545124,57.860028295271086,180,76
281,131.834139993326,134.0600812156167,115.10577879105732,135.93157454141814,128.93543660310394,116.13298885547789,381,90
282,76.05663651124534,84.9533632871243,73.99000020163035,77.85676536526954,82.75361030491602,74.38962432981445,235,77
283,34.986854014336345,49.04470770822474,33.96843827743893,35.79152963192255,48.0035355955048,34.20493477257263,118,57
284,71.46464851845654,75.88483721566261,73.65051426588087,73.50936258235178,75.47253626337978,72.01810115426842,221,84
285,49.72110694382566,58.247161763175434,51.03173129299893,50.53003490066761,57.603267653482526,50.866697445849866,159,73
286,91.78985948369626,117.58885046925975,101.62129004704404,95.26644989856607,112.96360930776287,102.76994079367111,311,116
287,53.725258856664055,58.305748599038324,51.9689925442976,53.242083198539085,58.957855054054356,51.80006174740655,164,71
288,56.54816721648414,75.05888220688877,53.3929505766271,59.73514229999438,69.69834549591678,55.566512204088845,185,76
289,52.46765582527052,66.51542478395547,50.016919390773985,54.47074313549433,66.32813081878726,48.20112604571845,169,95
290,46.83127200291363,62.90452567431559,44.26420232277082,47.240543288813,62.7475060913408,44.01195061984621,154,99
291,35.38750721976136,42.21528147371823,35.39721130652044,37.497647406577514,40.95912115403768,34.54323143938484,113,56
292,66.20525465760365,65.5017733636576,51.292971978738784,64.07651559557672,67.09010924669354,51.833375157729726,183,95
293,36.50982591821922,39.783604410524745,35.70656967125602,37.164805023605695,39.520671057665986,35.3145239187283,112,64
294,33.37237975612977,42.80368354839552,31.823936695474707,34.68431723593261,40.76002626520594,32.55565649886145,108,28
295,33.30147495790147,47.12865420283808,43.569870839260446,34.11673826471944,47.037525526614935,42.84573620866564,124,74
296,38.94318078807204,49.64922758248885,41.407591629439096,41.41905160978442,48.027408898588206,40.55353949162733,130,73
297,41.15492849601383,46.70158285021841,40.14348865376776,41.68903694315775,46.32197305697362,39.98898999986865,128,78
298,33.82985817007187,35.71636836402759,34.45377346590054,35.23149994690705,35.056326503870864,33.712173549222065,104,53
299,57.06816764808573,82.36530357986513,65.56652877204914,59.49729280590798,79.92266020966085,65.5800469844312,205,102
300,39.944759433451836,44.28762559656187,61.76761496998629,41.84211733486673,44.615712903785706,59.542169761347566,146,79
301,79.45342377538137,75.63236580300128,86.91421042161737,80.7605694258581,76.89805134361266,84.34137923052927,242,96
302,115.12985760714827,113.33497498066258,130.5351674121892,119.3141522146497,113.21851321158313,126.46733457376712,359,111
303,50.21114520165188,48.54295310471445,51.24590169363365,51.352933759219816,49.26508816998221,49.381978070798,150,68
304,45.0751576406166,51.45486957364251,79.4699727857409,47.483964958147055,51.40060736523423,77.11542767661872,176,79
305,47.792054421145,38.433155015874156,63.77479056298086,47.45569482611245,40.546388662145446,61.99791651174213,150,72
306,35.580793377572135,43.07760740504968,51.34159921737819,37.140158607738314,42.962205770844044,49.89763562141767,130,77
307,49.50502174439648,55.621642825021496,55.87333543058204,51.1567388680475,54.702207427066384,55.14105370488613,161,86
308,63.37023659576252,62.14622262222085,73.48354078201659,65.25360122329447,62.87000070064684,70.87639807605869,199,81
309,59.75608744273073,71.41723797541285,96.82667458185638,61.81706717490359,70.26203104357329,95.92090178152311,228,124
310,86.00548732399211,86.84784928829431,113.14666338771362,91.3607231256735,86.96916483997693,107.67011203434959,286,100
311,59.86498744496309,54.795416287552854,53.33959626748408,60.24682118808955,55.0649116559903,52.688267155920165,168,84
312,91.89725082424492,85.97284390448182,100.1299052712733,91.55209056268953,87.23940175184461,99.20850768546592,278,110
313,70.82981552019662,78.1157469957289,94.05443748407448,73.77601203966103,78.77351915875326,90.45046880158564,243,96
314,54.08658836122501,55.24086513652272,61.67254650225226,55.06466463666113,54.57046262210753,61.36487274123131,171,87
315,46.60058920564615,43.162974273461984,48.236436520891836,47.660725462727434,44.16918834165136,46.170086195621195,138,76
316,69.43184683772218,77.803212259893,88.76494090238488,72.42420958089703,76.89754069298594,86.67824972611703,236,103
317,59.932426825805244,58.97561949029886,65.0919536838959,61.55569616653212,58.71629537671344,63.72800845675443,184,100
318,66.30853009623851,64.73805576756588,71.95341413619563,68.22066290147833,64.43672460414274,70.34261249437897,203,64
319,61.794266951868394,57.84852612930817,67.35720691882342,62.28222180240697,58.84537132966071,65.87240686793231,187,73
320,60.10253664630692,64.04782305921448,69.8496402944786,61.555488701363494,64.33521773227565,68.10929356636086,194,105
321,61.70897749529482,71.5255598438508,83.76546266085438,64.10725609042328,71.13682892180685,81.7559149877699,217,79
322,51.35330252736725,52.84715721834849,53.799540254284295,52.92152866149699,52.27190258343545,52.80656875506763,158,86
323,61.60803052241713,53.11290247203049,56.279067005552385,61.42052607124806,53.94473174505224,55.634742183699736,171,79
324,95.71850733788507,97.19781520063296,110.08367746148193,99.36933901653134,98.32890649810342,105.3017544853652,303,81
325,131.1257840088494,117.22100064831466,135.65321534283592,135.55019999086088,122.09726393819258,126.35253607094657,384,97
326,61.84391221616936,61.38039794129896,87.77568984253166,62.968914806285575,60.03092716497,88.00015802874444,211,114
327,78.7572470328563,79.27668875063836,84.96606421650539,79.33424737797873,80.33804347850315,83.32770914351812,243,89
328,34.96008511454798,39.300452074924515,142.73946281052758,36.8284778525258,40.38951248875432,139.78200965871991,217,127
329,48.64122405937239,54.05535870789226,60.30341723273535,49.663352405614404,54.60453548273009,58.73211211165551,163,80
330,76.78160569502877,76.0716748337162,73.14671947125501,79.0259506183962,75.76435376066168,71.20969562094213,226,86
331,57.48880129181168,53.22159700402731,54.289601704161015,57.66056251425716,54.021776727669014,53.317660758073835,165,80
332,32.408918002061114,43.09877870968944,68.49230328824943,34.05503658130503,42.58286185569366,67.36210156300132,144,109
333,53.78053076443629,60.626525107656754,96.59294412790699,56.60915291584418,60.322875064231454,94.06797201992438,211,129
334,86.77106375729915,93.97484108883113,115.25409515386976,89.39052961355993,94.8005631513374,111.80890723510262,296,128
335,71.32791283955434,69.78592741793332,72.88615974251232,72.01588526539322,70.0054418596925,71.97867287491428,214,69
336,60.13652329940901,62.45075088957503,65.41272581101597,61.91611999169526,62.579705628674006,63.50417437963075,188,87
337,38.5880196210277,36.7792644377203,45.63271594125201,38.81790698331823,36.77418952072435,45.40790349595741,121,71
338,48.698955990426086,56.33303909910823,103.96800491046571,50.20252585325102,59.42999133120396,99.36748281554503,209,131
339,48.47383243770994,49.70935181322068,57.81681574906939,49.96192843882656,50.84457192091892,55.1934996402545,156,52
340,77.59913327310811,74.25617026955437,84.14469645733749,79.37328127595184,75.18974356136444,81.43697516268372,236,87
341,49.034471481181384,50.392476739320045,48.5730517794986,50.158178410398556,49.727719362490845,48.114102227110635,148,77
342,115.90708454408804,113.3126638970551,146.78025155885695,120.90788375782914,115.9813406235386,139.11077561863212,376,105
343,39.22357250413392,39.09051014182906,45.68591735403703,40.131485909147116,39.74246812413052,44.12604596672235,124,64
344,70.82981552019662,78.1157469957289,94.05443748407448,73.77601203966103,78.77351915875326,90.45046880158564,243,96
345,49.57783551064573,48.550513696679154,50.87165079267511,49.44559373286097,47.75769834698605,51.79670792015298,149,93
346,55.96526760044104,52.01584982913731,56.018882570421646,56.184751996512915,51.627892945882046,56.187355057605025,164,96
347,68.68592601778593,58.15793075006388,61.15614323215016,69.25579002645026,58.776429426084704,59.96778054746502,188,76
348,134.07732868215345,124.46134661141927,136.46132470642723,137.05524757544026,126.67337996186079,131.27137246269902,395,87
349,68.58458962990943,75.56592488463973,83.8494854854508,69.62330516636894,76.77787590191583,81.5988189317152,228,82
350,40.430571359646336,38.76568040440785,53.80374823594582,40.19122905766687,39.316965565450346,53.491805376882795,133,82
351,43.969969047756585,45.136009940828046,46.894021011415376,45.023421269131696,44.07409240248082,46.90248632838747,136,68
352,44.772654228549364,45.42907568537197,151.79827008607876,49.42458988866011,48.99772112023343,143.57768899110644,242,108
353,44.439084909616966,49.140133390837114,66.42078169954596,45.775605779946915,49.51020961020377,64.71418460984931,160,95
354,39.61529243470117,40.45277249568555,45.931935069613296,40.36608966097814,40.52824562921144,45.10566470981046,126,80
355,75.48896907039936,71.16039529975482,77.35063562984577,79.45838335202882,71.35271271644375,73.18890393152742,224,90
356,104.73257875391889,105.03497176753238,123.23244947854876,107.40479704365988,106.24031055349343,119.35489240284672,333,97
357,45.678185840662756,48.780779364468586,62.541034794868644,47.07134288266004,49.53325809949469,60.39539901784525,157,75
358,102.00135757684538,96.37523421580403,105.6234082073506,106.18475239017636,96.57880706890631,101.23644054091733,304,70
359,84.07675012982679,91.02399752387537,108.89925234629789,87.40028330975234,89.11695454474868,107.48276214549901,284,142
360,57.8656482006508,57.90320896276601,60.231142836583224,58.607761943064794,57.64258028712117,59.74965776981405,176,77
361,50.079181827910595,45.14846677209095,74.77235139999847,50.41403462407861,45.654080063338164,73.9318853125832,170,90
362,45.045615241806814,40.2200832022401,42.734301555953095,45.408075450528585,39.97227230674777,42.61965224272364,128,68
363,55.34945723864279,52.37905300686566,57.27148975449154,56.42380638488296,52.99038707901513,55.58580653610191,165,87
364,45.379336874620705,58.630149857065,73.99051326831429,51.46107684088858,60.66610882780477,65.87281433130663,178,65
365,36.439208931440355,38.349694847816224,44.21109622074343,37.93429657775857,38.22691898127907,42.83878444096237,119,72
366,57.60411473675085,56.331643803763505,61.06424145948566,59.15091114755846,56.40205849623638,59.44703035620518,175,80
367,63.86593784117601,61.378335420299805,60.755726738524174,64.73941276555989,61.4450151777744,59.815572056665715,186,102
368,94.48031803548947,91.2075541965628,109.31212776794773,97.6221809708457,92.10862705215574,105.26919197699858,295,70
369,80.24013883849241,76.2027609313049,78.55710023020265,81.57047872090743,76.80063009796298,76.62889118112962,235,78
370,39.323847317387234,37.03054323111607,76.64560945149672,40.37295164235887,37.15827332856183,75.46877502907931,153,74
371,40.46358381286102,46.963940380107985,54.572475807031,42.704310031673344,44.96215438241413,54.333535585912536,142,67
372,67.65337976546684,61.19394754446837,58.1526726900648,68.88862686952093,60.58215246900283,57.529220661476245,187,82
373,38.32172197309864,43.47750312347716,51.20077490342419,39.56047610658942,42.628941290178126,50.810582603232454,133,56
374,33.03232484190908,30.51672732520203,35.45094783288887,33.10148404051504,30.387067064128964,35.511448895356,99,61
375,42.72672237803561,47.29991387516997,87.97336374679443,43.722025806514495,48.57890158209381,85.69907261139174,178,127
376,57.89334227464974,59.122902392989815,63.98375533236045,59.53407555398635,59.39325679335455,62.072667652659106,181,65
377,60.37857869033047,61.39491356495506,81.22650774471444,62.25331223682013,61.85465678967075,78.89203097350915,203,90
378,55.95216408555309,57.8582997187599,62.189536195687026,58.56048347311879,56.98455498746359,60.45496153941761,176,68
379,47.13357693897022,46.25125209707674,59.61517096395304,48.69317223298219,46.02279732796985,58.284030439047974,153,85
380,50.51434354290487,59.367852676603164,82.11780378049201,53.38493105903044,59.69744808618559,78.91762085478396,192,81
381,32.036113256398565,35.339768187236366,41.62411855636508,32.56292463219884,34.79273144652517,41.644343921275976,109,74
382,91.7082640211599,93.84329829023078,99.44843768860929,94.801020330733,93.37972576639248,96.81925390287446,285,113
383,55.96575849038037,59.38223569687862,58.652005812741,57.22716127470817,59.84923869525966,56.92360003003215,174,63
384,40.71771382724575,44.16562041950815,64.11666575324612,41.858807851469784,45.8127280561633,61.32846409236692,149,84
385,43.774570204379486,44.08334920561212,57.1420805900084,44.98435696194503,44.56391004583,55.451732992225,145,85
386,39.76184523874531,44.141238511197386,65.09691625005732,42.70907165023958,44.85409803934951,61.43683031041089,149,69
387,74.56219529868787,68.44162319933461,83.99618150197752,75.48600226704738,69.6752789644741,81.8387187684785,227,108
388,80.54378973494893,79.79926342452455,97.6569468405265,82.25907642921645,81.96549047250541,93.77543309827817,258,100
389,59.51583291287746,53.52808882970886,58.956078257413715,60.887959061345086,53.85836558604038,57.253675352614536,172,85
390,30.42397938868056,36.144385910701125,45.43163470061834,31.697579916580185,36.21769360049328,44.084726482926534,112,70
391,60.901509848843084,58.659243978710506,66.43924617244642,63.026557460818594,57.98354591025523,64.9898966289262,186,91
392,57.718675686840896,67.63492794491322,92.64639636824587,59.693899973855395,68.08251020164253,90.2235898245021,218,97
393,86.77106375729915,93.97484108883113,115.25409515386976,89.39052961355993,94.8005631513374,111.80890723510262,296,128
394,20.793935941464177,30.70445476499137,57.50160929354446,21.448815949371884,32.58553468463557,54.96564936599255,109,68
395,45.0046971902367,50.486494748603775,62.50880806115951,47.780184155226316,49.422344314976215,60.7974715297975,158,101
396,93.85892995059397,79.28577449828116,83.85529555112493,93.95779552871095,81.10694436620739,81.93526010508174,257,71
397,39.65675996500505,39.56468888658384,49.7785511484111,40.405919385495324,39.45061904761713,49.143461566887545,129,72
398,45.977192465930656,45.27517171056786,47.7476358235015,47.1906839092039,45.093899650415956,46.71541644038017,139,75
399,73.43300877759403,73.2121670615831,76.35482416082296,76.5282699890963,72.66257194813777,73.80915806276595,223,94
400,45.14558879062288,50.33813437162923,54.516276837747874,46.93350092791267,50.34523004672575,52.721269025361565,150,75
401,52.495291083630164,55.900689566237496,91.60401935013238,54.50121767011865,55.26202673373786,90.2367555961435,200,119
402,53.498823483584815,57.22853009625175,67.27264642016344,54.48831990776244,58.219561974768304,65.29211811746926,178,103
403,61.25753934017487,64.8599034746981,109.88255718512708,62.30983508875464,65.09272867753262,108.59743623371273,236,127
404,62.96040037056255,68.08277019724832,75.95682943218918,65.857129796458,67.19300919277056,73.94986101077143,207,86
405,74.29128213998494,66.41228680507159,71.29643105494345,76.5352938121625,66.57584994422827,68.88885624360925,212,81
406,96.87492765659954,113.3094380692904,182.81563427411012,98.77348126588926,115.30477792779907,178.92174080631162,393,181
407,53.69838586991929,50.77350379981005,63.528110330270664,55.10205942996347,52.264119503193854,60.633821066842685,168,66
408,32.74723661464735,35.16827872706245,31.084484658290208,33.16324518025519,34.552510172538895,31.284244647205927,99,59
409,44.458563482949856,39.418520256128616,43.122916260921514,43.27402921073813,40.61924507799587,43.106725711265945,127,73
410,80.38210602035362,100.82503619404561,119.79285778560073,87.47271814958009,104.99482333095361,108.53245851946623,301,96
411,97.30891018011465,95.5301971617415,125.16089265814384,97.92414922355468,100.23884365198148,119.83700712446385,318,114
412,49.968033663665075,48.01455178241202,61.017414553922904,50.77158532663767,48.13566941844707,60.09274525491523,159,80
413,92.74595186706658,92.58606647068956,98.66798166224389,93.06856445017753,94.13103350210953,96.80040204771298,284,109
414,54.62646245756875,51.68514640738728,49.68839113504397,55.28583640433793,51.427006966040786,49.28715662962127,156,91
415,40.48338831324224,43.92214209394031,43.594469592817475,41.4095719986365,43.92094910691685,42.66947889444665,128,69
416,40.56559008459819,41.4222064403507,47.01220347505112,40.856812253880975,41.743722095553125,46.39946565056592,129,74
417,44.68280252913674,49.50558078725199,52.81161668361132,45.75380058999328,49.95569897975572,51.29050043025102,147,76
418,49.122149522075404,56.98086228855618,62.89698818936843,51.19582827258016,57.07014712412903,60.73402460329083,169,89
419,55.48813984093589,56.60077294185428,84.91108721720987,58.52873142575586,58.80619839944921,79.66507017479495,197,97
420,39.66516817679594,45.19331423818129,52.14151758502277,40.772236178666375,44.41961613174503,51.808147689588615,137,65
421,61.93830982945054,58.40084023591597,61.6608499346335,62.0034149674961,58.835833443938995,61.16075158856495,182,89
422,51.23105499142725,50.32498263616506,62.44396237240769,51.92596146624778,50.778333443111,61.295705090641285,164,113
423,28.795327878878513,33.634990764389784,30.56968135673172,29.356829178452777,33.10919098651352,30.5339798350337,93,55
424,34.75828649442838,38.54385427744061,51.69785922813103,35.45455760193478,38.52192747512146,51.023514922943775,125,90
425,35.948294405564496,41.087907503932456,43.96379809050305,37.764695888769204,40.43028960824734,42.80501450298347,121,67
426,38.06870766771822,38.8856984628375,77.04559386944428,37.52073161373532,40.41023463714757,76.06903374911712,154,108
427,80.2192110395261,82.02183469189426,142.75895426857966,85.37284885091944,87.81081425924748,131.81633688983314,305,107
428,48.75560442888792,53.668225315700845,56.57617025541124,50.30733084177287,52.71074904230274,55.98192011592441,159,78
429,61.31631004791846,60.9864705350029,90.69721941707864,61.562429830751505,63.36828495121562,88.06928521803283,213,73
430,45.20635297120069,47.56538113045977,50.228265898339565,46.51044547379108,47.79758641187853,48.6919681143304,143,80
431,83.36914466723874,92.20577678682832,104.42507854593296,86.36295707203163,92.56363727354169,101.07340565442661,280,82
432,77.67530722942111,79.26085739646798,123.0638353741109,82.2433193487921,81.17881731515641,116.57786333605155,280,99
433,42.50434688102723,43.58313212484392,42.912520994128855,43.62287825538929,42.793891769647715,42.58322997496299,129,77
434,30.4190820205888,30.47248838266592,34.10842959674527,30.405873952384212,30.42817062107434,34.165955426541444,95,61
435,52.96664146984056,48.80119626941305,47.232162260746406,52.23148998829184,49.97266040489422,46.795849606813974,149,71
436,72.17589034701307,75.83716386871642,92.98694578427055,73.95425235552328,74.93439363645949,92.11135400801724,241,130
437,45.53008972534999,42.96532388247323,44.504586392176805,45.35787222790995,43.37962872501178,44.26249904707829,133,71
438,31.02893312920226,49.359836835287425,76.61123003551029,34.68073602201925,54.22796080927024,68.09130316871051,157,77
439,28.130759208681372,32.68292476565137,31.186316025667242,29.616197399353528,32.14454169578678,30.239260904859695,92,50
440,53.90770407668686,56.95224926630662,60.14004665700653,55.73014206372229,55.75216255495263,59.517695381325105,171,84
441,99.52000711225617,91.87690822352589,95.60308466421795,102.12317641339611,91.49568210357262,93.3811414830312,287,90
442,70.07212253710777,68.8394049433339,84.0884725195584,70.1881317543413,69.22851116400024,83.58335708165848,223,96
443,47.57217922501162,48.81358481189466,56.61423596309373,47.25655542823535,50.588787612040825,55.15465695972385,153,89
444,61.61575734833052,57.45249232210118,65.93175032956835,62.06597818776848,58.616159645940996,64.31786216629055,185,88
445,83.65059591461777,96.38347416445437,99.96592992092796,86.56380659868299,95.99635115961587,97.43984224170114,280,87
446,25.88607305728682,28.867244543296373,29.246682399416795,27.097243028268174,28.74780904038561,28.154947931346225,84,46
447,48.40634329352494,51.86190369111537,56.7317530153597,50.98903358939184,51.58580533523186,54.425161075376295,157,70
448,48.47383243770994,49.70935181322068,57.81681574906939,49.96192843882656,50.84457192091892,55.1934996402545,156,52
449,104.33710194985468,104.83799053356658,106.82490751657873,108.42980079522468,104.70995723545609,102.86024196931922,316,68
450,48.80416770039783,43.33410265938668,49.86172964021547,49.32433474904933,43.53016973238469,49.145495518565994,142,73
451,70.59008767447129,77.24558629876431,92.16432602676443,73.37389016315804,77.65625394726784,88.96985588957418,240,81
452,48.62954141667269,50.11257180381281,56.257886779514486,49.651360173377014,50.84888215313191,54.49975767349107,155,89
453,88.13043323738633,84.77950125179497,87.09006551081872,89.67596419503155,85.5769827341587,84.74705307080971,260,108
454,31.728327197760095,36.604879542697674,42.66679325954223,32.81274307825104,36.20959005438045,41.97766686736851,111,67
455,105.11563040196863,101.94772038803028,111.93664921000104,107.42584180784966,102.1060773401823,109.46808085196804,319,74
456,79.6222733671407,78.64568429126189,95.73204234159738,82.67413822640826,79.40081642141402,91.92504535217766,254,81
457,61.75761381845472,70.8523924324103,144.389993749135,66.28710239334211,82.67484951485235,128.03804809180554,277,149
458,113.24008226904212,116.93942473602245,118.82049299493548,116.11112912191504,119.9811989018024,112.9076719762826,349,95
459,48.32298443669407,54.65076122519643,62.026254338109524,50.74503886544527,54.38239004874112,59.87257108581361,165,100
460,43.53905612845756,46.26070972213627,58.2002341494062,44.04694006791365,46.01841442513655,57.93464550694981,148,88
461,41.35321183969989,38.753947598486626,42.89284056181351,42.1202005360533,38.45730906109046,42.42249040285627,123,72
462,96.72628742687755,93.62777881477379,104.64593375834866,98.82989791528587,95.20223841107303,100.96786367364108,295,98
463,48.43509405663518,48.10599027366276,55.45891566970208,49.287663165951464,49.58582325454185,53.1265135795067,152,76
464,102.1465870367101,94.60422655671525,155.24918640657458,106.40571744123251,97.59225978145298,148.00202277731452,352,125
465,49.23082054449702,42.347909346066864,45.42127010943612,48.826036561650746,42.97212971758535,45.201833720763894,137,76
466,88.9879427920173,92.20273636725557,86.8093208407272,91.49207659270363,90.72321668775648,85.7847067195399,268,70
467,63.75501670778738,67.02513337947174,76.21984991274086,65.66437203079997,67.65356944290139,73.68205852629866,207,82
468,36.27041774267475,43.21494608117332,61.51463617615194,37.87177024442297,44.12124322876433,59.006986526812724,141,54
469,62.435891367076266,61.531825407010004,65.03228322591376,62.675214938318,62.276145178381775,64.04863988330024,189,78
470,76.82646592155481,71.37659029819179,79.79694378025341,78.94910915087651,71.95739668475765,77.09349416436588,228,71
471,70.02185353816131,73.81648618222063,74.16166027961806,72.41518754563303,72.84923486529142,72.73557758907563,218,86
472,74.46655648892445,94.71671524309886,92.81672826797664,78.32629146677596,99.47655739163416,84.19715114158981,262,61
473,85.46441680124973,83.85140021258374,117.68418298616662,86.23282660062705,87.9271836300759,112.83998976929702,287,113
474,103.4633803650159,92.23170341300091,101.30491622198318,106.62087142900354,93.66100533409742,96.71812323689899,297,102
475,42.771205656043854,41.09122579532686,55.13756854862932,44.32816588218032,41.964192792571346,52.70764132524835,139,80
476,63.59746491108775,63.474851145531986,64.9276839433803,65.12178362934526,62.92849245268983,63.949723917964896,192,79
477,98.76319316746232,96.31135079874619,104.92545603379152,101.02316036471512,97.11894425688155,101.85789537840331,300,87
478,62.97124439825687,61.28772287833417,68.74103272340898,64.06310765023261,61.57390546886896,67.36298688089849,193,103
479,47.66697073045427,57.79140441018761,72.54162485935817,49.058642822168366,57.74849006322835,71.19286711460325,178,91
480,59.4957881221759,50.49535733263259,55.00885454519155,59.32120477985771,50.82470091461429,54.85409430552802,165,81
481,139.77045020139445,141.18348487666356,163.04606492194208,143.56903283986136,143.97690288478108,156.45406427535764,444,128
482,61.158130945033804,58.7159735158688,59.12589553909743,61.34415296001269,58.76459160061067,58.89125543937663,179,69
483,49.4502479907005,52.126150683945006,79.42360132535453,51.3822116424218,53.53325031992071,76.08453803765751,181,90
484,42.87682211020116,41.09842139279279,54.02475649700601,43.73439416558857,40.70252504864369,53.5630807857677,138,93
485,41.86406481850902,49.93272587232829,57.203209309162716,43.992515622531215,49.01685355481602,55.99063082265275,149,82
486,43.15468527571713,59.411114170694006,88.43420055358885,45.63611743882713,67.4470460987403,77.91683646243253,191,79
487,38.148136347707826,40.22377333204025,43.62809032025193,39.87940523984189,40.10223986423622,42.01835489592187,122,46
488,36.92922270677299,43.17390601425851,60.89687127896848,37.208235762861236,43.711789770115736,60.07997446702307,141,79
489,40.351822754929174,37.143628484217444,39.504548760853396,40.11536617149926,38.13836782104631,38.74626600745442,117,67
490,33.908272632278596,36.707703350447666,39.38402401727373,34.538588929816335,36.66909982707721,38.792311243106454,110,64
491,46.4679299775109,44.60293019883161,46.929139823657465,46.8423619155069,45.10796676793361,46.04967131655951,138,85
492,47.39174462948063,44.30170640444054,51.30654896607884,47.70701884916754,45.41813522715613,49.87484592367631,143,75
493,70.94232157752654,73.67058411351971,76.3870943089537,72.12542516508063,75.07192380204624,73.80265103287313,221,75
494,58.57032968502659,57.8135990566822,63.61607125829119,59.208873928303106,58.83022436973189,61.96090170196503,180,78
495,59.192850273468835,62.05825917232457,70.7488905542066,62.14957768499203,60.22480619248847,69.62561612251947,192,85
496,59.303078903834965,56.52986713934647,64.16705395681855,59.21099472457849,56.97676498739524,63.81224028802626,180,103
497,94.51034193776914,83.66690696818918,97.82275109404173,96.27396358964707,85.18265070932749,94.5433857010254,276,100
498,42.05656448075088,40.93311103466397,85.01032448458515,43.13085709475837,39.90909820276649,84.96004470247512,168,135
499,53.11845734290223,53.36614547281113,119.51539718428666,52.66484016726538,58.233443988315855,115.10171584441878,226,81
500,57.890836004356046,60.93887143970588,65.17029255593809,59.07169995229776,59.98784571665351,64.94045433104873,184,102
501,53.74209183990639,57.15478044977645,63.103127710317175,56.168034619420354,56.431002846067244,61.40096253451243,174,77
502,46.222213666831955,48.76914285926867,53.0086434738994,46.86595866676219,48.43376598434793,52.70027534888987,148,105
503,59.80903552633083,54.125983581279755,64.06498089238939,58.94778958278055,55.35028573889938,63.70192467832006,178,85
504,63.1488019315145,72.44490608241469,87.4062919860709,66.43881839326056,72.71448107832286,83.84670052841656,223,76
505,61.41173559065345,61.22165503835207,74.3666093709945,61.52446152188425,61.77800499708276,73.69753348103302,197,96
506,64.20388801431329,63.41337947044057,78.3827325152461,65.2225262972073,64.12801491904602,76.64945878374668,206,85
507,47.339571387620566,55.97453303534134,105.68589557703811,48.49042996143367,58.88274881345061,101.62682122511578,209,131
508,84.25948076367357,72.60896215951608,98.13155707681032,85.58922394786617,75.43394392590311,93.97683212623066,255,73
509,53.880375972785394,62.7770990054421,73.34252502177249,55.2604370012076,63.35887254808321,71.3806904507092,190,87
510,68.86346108198742,71.66450978357065,73.47202913444194,71.54786153582094,71.72032364377473,70.73181482040437,214,80
511,50.29210702955864,50.23447855512671,55.47341441531465,51.20906803542312,51.552211353940926,53.23872061063599,156,80
512,75.71870527161155,74.62558774217528,91.65570698621323,77.15725334616798,73.91305581430021,90.92969083953184,242,121
513,35.226423520422735,39.12965875548014,44.64391772409713,35.89230051826603,41.08479172582262,42.02290775591137,119,64
514,54.14869952791002,55.898664811285464,59.9526356608045,54.833567489969546,56.13632314261178,59.03010936741868,170,97
515,45.32931059366529,51.37070421564397,50.29998519069076,46.39794114997388,51.1428263951551,49.45923245487106,147,86
516,62.60644912841336,66.333365344759,85.06018552682765,65.03783611621314,65.6612724379091,83.30089144587774,214,101
517,37.91586478564328,39.57563034050323,38.50850487385349,38.683714587109556,39.194659976809156,38.1216254360813,116,67
518,94.48031803548947,91.2075541965628,109.31212776794773,97.6221809708457,92.10862705215574,105.26919197699858,295,70
519,48.80757651038681,58.271253373082686,97.92117011653053,52.188173393994575,61.63352795691143,91.17829864909399,205,96
520,87.87793405528967,85.89764040279064,122.22442554191967,92.07169497958917,87.11180167458059,116.8165033458303,296,74
521,53.02170915376155,66.45259270146845,58.52569814477,55.192403307839925,64.73863118950227,58.06896550265784,178,91
