,0,1,2,3,4,5,6,7,8,9
0,28.60670899101247,24.9900264135358,24.553893978233717,24.849370617218003,29.18581658259586,24.84854654584034,24.22673824508533,24.738898626478473,103,58
1,50.66284428588458,41.219361534368666,41.845529941635235,42.272264238111525,50.804706984639,41.6910414769977,40.672019681326006,42.83223185703731,176,83
2,103.68738021642278,79.02848401954634,73.86591958804104,81.41821617598991,100.35517647091865,80.44505045916367,74.21563547910205,82.98413759081568,338,93
3,45.90627895678522,33.35834051706096,32.878616983269566,35.856763542884266,44.64973531154306,34.38539198626739,32.36738663180579,36.59748607038378,148,66
4,114.3133943789169,98.80996378248518,89.59014727035672,103.28649456824124,114.51442558831414,99.77098546901931,88.48408490961504,103.23050403305149,406,108
5,53.24626710541998,40.35921806996711,32.66984432510624,39.72467049950667,54.33933228837052,39.604051341042556,33.184744206222305,38.87187216436464,166,119
6,38.228218338268704,33.48895573596804,31.851156179165866,34.43166974659739,38.204119993932466,33.60410872290032,31.99015961814172,34.201611665025474,138,55
7,82.02618930970291,52.66049878971627,47.888985123250144,57.424326777330656,80.05012592833293,54.35203438828681,47.56624116974803,58.03159851363222,240,101
8,57.80064919847597,43.695106559022314,41.67424161461724,46.830002627884475,58.26265347261247,45.061860747122736,40.80823722247283,45.86724855779194,190,113
9,35.97433805236002,26.352184307215204,23.543292875433604,28.13018476499118,36.77141785701849,26.614468999833644,23.525017693942434,27.089095449205434,114,68
10,43.04625991658106,43.275553753505626,33.965978449349095,40.71220788056423,43.63667983740644,43.07830942669768,34.35972770770879,39.925283028187096,161,80
11,48.76186100254157,42.48817948628173,48.990909486788944,43.75905002438779,50.4896276472606,42.628083450628985,46.72294372690318,44.15934517520721,184,94
12,43.20694593072894,37.11114326594165,31.670252141412863,37.01165866191654,44.991815761643274,37.396226824561346,30.047823975507047,36.56413343828837,149,83
13,44.089639378223815,31.385457892741165,31.326838477543763,34.198064251491274,43.433542004576545,32.615965125670904,31.22825893640451,33.72223393334802,141,73
14,46.77640437185197,32.908465409829205,31.30469082653072,36.01043939178812,47.26546578541857,33.12005841538318,31.14461910963991,35.469856689558334,147,84
15,67.97904063307018,57.21959013763068,55.12817594091287,55.67319328838625,67.6893561706115,58.48528861165588,53.382305258883555,56.4430499588491,236,100
16,52.4790327377893,37.31553807509126,36.85612518937912,35.34930399774029,50.383187655769966,39.443917209762,36.83651807430747,35.33637706016058,162,83
17,40.93200417350726,27.640748061926978,27.04567933885569,29.381568425710086,39.48416817338137,27.970452688225933,28.240156854335066,29.305222284057656,125,65
18,91.41243999803211,46.09551625215813,43.450427305294056,50.04161644451571,90.83338676909636,47.95527176773982,43.7133990320051,48.49794243115867,231,128
19,52.44002343140252,36.85233749919263,37.25427225026605,36.4533668191388,52.150808840286665,37.55458813634102,36.8122580254626,36.48234499790971,163,66
20,38.626983354609365,29.299475438183705,24.26685189677155,28.80668931043538,37.35295495819134,30.486266821476978,24.26071791075812,28.900060309573554,121,59
21,86.8993776334129,73.10862236301044,67.79228083551735,73.19971916805927,85.19700393053215,74.48160916638119,68.16199945853025,73.15938744455643,301,100
22,30.661362058066153,24.157849560213176,24.78193176527756,23.398856616443123,30.2780107563764,24.647403191003704,24.381896629937046,23.692689422682836,103,44
23,47.70106891204292,41.837155775105366,44.00282343161446,43.458951881237276,48.493593605205966,43.09283175096191,42.0433833460677,43.37019129776436,177,86
24,92.07979933420238,78.97662040164744,68.78893932227153,76.15464094187874,90.57279243746073,79.27439836149088,69.01374587620809,77.13906332484025,316,99
25,39.429705070819494,36.18329994156506,29.199923821649595,34.18707116596587,40.22174551163924,35.157114214950084,29.025617518576755,34.59552275483393,139,74
26,76.81944924485575,72.18193584931271,64.19501800993484,67.80359689589672,78.34655747437246,69.50077119505616,65.6318383366521,67.52083299391929,281,83
27,32.72570311171935,34.410199156012375,34.16691696897746,30.69718076329081,33.640880416015094,32.659679744464405,34.25426286077728,31.44517697874321,132,65
28,68.7848750182143,55.90288313009012,56.30337473613929,56.00886711555632,66.14577578069803,56.56732099794267,56.67268982772727,57.614213393632006,237,100
29,70.1881454614582,53.02071887449459,51.642979018358545,53.14815664568865,66.87612313612689,54.5645818146782,52.87839730413811,53.6808977450568,228,88
30,57.63481588482253,45.59212114518757,38.81234839551716,41.9607145744727,56.13706384226427,47.86751603957652,38.189371831337596,41.80604828682161,184,96
31,49.262902165554635,33.845991950403025,35.47740506155562,37.4137008224867,48.252798474472684,34.83018134532515,35.274126620317645,37.642893559884534,156,81
32,76.78661847748529,52.075305784221975,48.66752549331028,55.47055024498242,77.83992208163001,53.26499361988743,46.78346620519321,55.111618093289344,233,110
33,52.93695091670486,42.476292888587984,39.50103367103916,42.08572252366802,53.14877194557643,44.07312213528689,37.4771890461145,42.30091687302213,177,77
34,54.42122114670111,46.62115734474799,45.678066024243606,49.27955548430728,55.04192852123624,47.40091826420189,44.638444091651586,48.91870912291031,196,91
35,50.1704898175345,36.07696416753525,32.58441930916032,38.16812670576993,50.961325557181915,36.668886463183796,32.03027965749617,37.33950832213806,157,98
36,71.67629339457777,62.618846638688325,61.08680778746957,66.61805217926428,71.37286866018563,63.667540842298926,60.44478482207851,66.51480567543695,262,89
37,49.788423911028524,34.399688848819125,35.04808096535987,36.76380627479251,49.18592449310529,35.810511797596256,34.910925330644204,36.09263837865428,156,71
38,37.53333700196024,30.81202361235569,31.21143620421066,31.4432031814734,37.05412146791476,31.370323363215885,31.507052579061728,31.06850258980763,131,65
39,132.87874326308955,82.8055225928763,73.8775934410061,84.43814070302807,126.12248221738272,88.24122408781214,71.80590673220972,87.83038696259537,374,90
40,51.80830964311192,38.38169116894822,34.74615888227638,37.063840305663476,52.28198537957772,39.28354393938896,32.371316922522034,38.06315375851128,162,80
41,37.50840690910987,29.753022839013255,26.331373904283335,31.40719634759354,37.54509174103802,29.872157284865278,27.25522683953757,30.327524134559134,125,73
42,37.015440564098874,30.620511948138397,33.277734171703216,32.086313316059524,37.4816010132332,31.780125798071154,31.504150639715142,32.234122548980515,133,60
43,46.531281614618784,39.73645385553544,42.03948339543576,41.69278113441005,46.31144505160247,40.786226488076096,41.43154305034686,41.47078540997461,170,75
44,73.59622264050388,62.81995478881972,59.003888165222776,61.579934405453656,75.64165576961344,62.3041865475997,57.95317618593411,61.10098149685276,257,111
45,78.83844011526925,59.81936006171207,56.198264081071905,63.14393574194687,79.7984798577241,59.56524554359072,56.8378194230796,61.79845517560564,258,108
46,92.83651072791018,86.87005867400423,80.89054356711308,78.40288703097255,90.50175288054292,86.16380792822697,83.22271241329113,79.111726777939,339,118
47,40.10433962816995,35.84726321928571,31.115577515789074,36.93281963675527,41.29977082806154,35.08630335184943,31.207923542877367,36.406002277211655,144,80
48,57.219079232036776,46.287136698973725,41.811088127718364,44.68269594127114,56.049522258546446,47.686807230502275,42.91847517794457,43.3451953330067,190,85
49,33.560135971458585,27.643517061243287,27.990013547897014,28.80633341940111,33.990737251468644,27.980241088419618,26.909732687532703,29.119288972579035,118,72
50,84.38944579347148,66.08364520197075,63.9387451613917,69.58816384316606,84.13370029755389,68.44380874565455,62.17909726122378,69.24339369556775,284,97
51,65.64777632127709,50.784005387797386,56.784492079004934,55.783726211920566,66.76563706389248,52.119343155049535,53.22063173913209,56.89438804192583,229,99
52,41.50312760346997,36.20592366402516,38.344548409842716,36.94640032266218,42.366971418219535,36.873688054104896,36.98530915411239,36.77403137356318,153,79
53,64.40386102074125,53.27248162063519,54.46756237989917,52.85609497872442,65.86466148175974,53.82387178874654,50.77227442740643,54.539192302087315,225,61
54,91.08703078548388,66.8094054125285,65.08694187711535,68.01662192487228,88.76391624150381,68.01700178755081,65.00570414885958,69.2133778220858,291,77
55,28.186642560208256,23.905690434593488,23.1688518116316,24.73881519356667,28.18870725889303,23.966755690765627,23.104192681701353,24.740344368639974,100,54
56,46.88405660716703,35.64869980490317,32.06765233741735,36.39959125051246,46.702900074600535,36.84532132274869,31.926312271218258,35.52546633143252,151,85
57,67.98858316061212,50.73734857488703,51.38341615808896,51.89065210641196,66.50422628748545,51.98226415913684,50.045566662294206,53.46794289108348,222,88
58,41.21642645636669,29.111408295723418,23.769953999977695,28.9022112479322,40.504578259234336,29.444920581983755,24.096800451218492,28.953700707563424,123,59
59,27.41759521962694,23.988243155184122,24.48859774232749,22.105563882861457,26.92880718897364,24.146717803412756,24.081716715556514,22.842758292057102,98,54
60,48.61043710956819,26.010165146170174,27.77773487158628,26.601662872675373,46.77376098678207,27.824428459891603,28.201944336392557,26.199866216933767,129,68
61,70.6661148388951,54.56005391770424,60.55772274940152,63.216108493999165,69.32519611725603,56.47058035171662,60.8183845677626,62.38583896326472,249,95
62,45.243449847938194,40.55962106586039,39.59419642011709,42.60273266608427,45.809714628560165,41.81591773035013,38.166049885637804,42.20831775545191,168,64
63,52.44002343140252,36.85233749919263,37.25427225026605,36.4533668191388,52.150808840286665,37.55458813634102,36.8122580254626,36.48234499790971,163,66
64,28.848902612448956,23.89287916237013,21.8769565182996,24.38126170688133,29.206159657646804,24.662486363127563,21.02368035879735,24.10767362042828,99,59
65,70.51206436387939,63.34522059898122,63.345041680204474,64.7976733569349,71.69394082320048,64.07264927115256,62.05917765695408,64.17423224869287,262,69
66,40.08342718269376,30.00842401635432,27.41915996887072,31.48898883208124,39.56704685741598,30.053857666335052,27.544579492698155,31.834515983550816,129,64
67,48.92029692261634,35.441998742365186,36.72973543889476,35.90796889612371,47.1065632203371,37.67033802041105,36.087570050158476,36.13552870909336,157,55
68,46.86486800415273,32.736041141903,34.685812533854445,35.71327832008982,45.555766606883495,34.30986935325459,33.15245248888177,36.98191155098016,150,73
69,38.13085179640513,34.63961030556036,33.62492160941387,37.604616288620655,38.87825352120372,35.31969630027042,32.117485138475836,37.68456504005003,144,77
70,55.04004087749035,42.48468564124256,42.20150579499278,45.273767686274304,55.149233777270304,42.580592692606054,42.26527287428027,45.004900655843414,185,95
71,53.303104018428684,36.579451826667054,32.24901246980539,40.86843168509887,51.75874222077898,38.2960154848576,31.95368744542471,40.991554848938684,163,85
72,31.962709306293128,27.580171765547917,23.758588827594842,27.69853010056411,32.11447029193585,27.607412785146906,23.583399379162472,27.69471754375477,111,59
73,48.72253785982487,38.47118720881673,43.337018541086934,41.469256390271475,49.80286632546435,38.425222908802176,42.895238456417374,40.8766723093161,172,80
74,65.46601353735504,45.56069503167093,44.45813485112652,49.51515657984756,63.56160400723173,46.09736404791884,45.524700359754284,49.816331585095185,205,94
75,75.24109434148161,51.27104735674315,50.58920271935017,51.898655582425064,74.92351148689231,52.35157850657443,49.4861603273948,52.23874967913841,229,84
76,23.69349357285751,22.158022356086917,19.622383717375957,22.52610035367961,23.94086500099533,22.30667353903612,19.62270012437749,22.12976133559106,88,49
77,60.93284558791739,41.933963204002374,37.241678412468715,43.891512795611526,59.909858165688405,43.39720073102993,36.2581278089454,44.434813294336266,184,93
78,50.222175024642276,40.71726467568382,36.56967518825904,42.49088511141486,49.858269043337664,42.82136272909113,35.349297152442716,41.97107107512847,170,79
79,45.765782702969744,38.37583117769955,35.6837663213301,43.17461979800063,47.1296782396704,37.28179161750312,36.79900628265477,41.7895238601717,163,102
80,59.22707587233084,49.417458894704446,48.46959709476423,47.885868138200514,60.24610165246555,48.931763796945184,47.511034790570015,48.311099760019296,205,91
81,66.0295316274884,55.1150283530176,50.54191552707593,57.31352449241808,66.46435629103611,55.57096088681056,51.05831422013268,55.90636860202063,229,102
82,41.32790595837007,36.18547962859535,34.57897959790648,35.907634815128105,42.92162887363606,35.656253797813754,33.81060552038231,35.611511808167855,148,83
83,42.035369047169205,33.17075665498596,33.215515946639876,31.578358351204947,41.05839853130638,35.077461638136015,31.809602115657082,32.05453771490052,140,65
84,66.21189894153302,52.34150184701148,51.883573477174515,55.56302573428102,65.09720147008632,53.477836520037755,52.194667157677216,55.23029485219869,226,101
85,43.951635698748596,31.67507804993727,35.5466933397717,32.82659291154242,44.45536325794738,32.79234991867148,33.474175734118184,33.278111089262914,144,85
86,51.36083140194968,45.27388945158929,42.65820304541927,42.70707610104179,53.678852721602425,45.349750169922984,39.78037189018877,43.191025218285816,182,88
87,51.428787633229916,37.561003868969685,37.827350256781166,36.18285824101924,51.34408420670535,39.0394259839349,35.60801754555483,37.00847226380495,163,78
88,58.879647851174624,53.170977097580696,48.32239151913519,50.6269835321095,60.67242597079334,51.25532548909729,48.26652344070744,50.80572509940195,211,90
89,63.777270725199195,51.3349370033393,46.21941618978123,51.66837608168029,62.72349949119692,51.14634395732164,47.033702078022685,52.09645447345878,213,101
90,44.97596491282459,35.13238290307399,35.60124001854499,37.29041216555643,45.026061713411615,35.95660688234546,34.76396641112064,37.253364993122275,153,85
91,32.01665838452283,26.25834284575155,24.542203772482786,26.18279499724283,32.41775279987838,26.861510226729955,23.945781880373055,25.77495509301861,109,70
92,55.60215571947447,44.99808415162975,50.52103620107768,47.87872392781813,56.29001741648157,45.82429361320989,48.80031445700997,48.08537451329853,199,105
93,59.47672829162963,46.642388441590285,45.44780595994775,48.43307730683236,60.97594113375185,48.360475919987294,42.99521580860897,47.66836713765187,200,102
94,40.970383524254885,37.39259068788603,33.62346928199744,37.013556505861665,41.60306528697309,37.43148719117259,32.9019740009247,37.063473520929605,149,72
95,58.88813457097234,43.152563451119114,48.64777970705901,49.311522270849565,59.22958646214187,44.40819991299514,46.583439293092795,49.77877433177015,200,110
96,83.54295267932112,63.37894076760705,72.06643727967928,66.01166927339253,82.91604392844219,66.29744366176998,68.41381984902031,67.37269256076748,285,84
97,49.81976965972557,34.69834827966047,29.266174406859356,34.21570765375462,50.04200657787434,35.384301493096395,29.36319475251202,33.21049717651725,148,88
98,92.74096200912858,73.76569745849143,71.49551256179008,77.99782797058998,92.36848369561922,75.82966951833625,70.62425765696548,77.17758912907908,316,103
99,71.45876340518872,50.515953425631665,53.773350352466,55.251932816713605,71.08998682169663,52.4759166312384,52.337724526301024,55.09637202076392,231,86
100,60.93284558791739,41.933963204002374,37.241678412468715,43.891512795611526,59.909858165688405,43.39720073102993,36.2581278089454,44.434813294336266,184,93
101,38.053092433584496,27.246675438989936,21.783359676804714,23.916872450620854,37.140385403251344,27.789142773227766,22.332898036365762,23.737573787155142,111,77
102,41.04225878555477,27.76944956707938,24.107345320915606,31.080946326450242,41.38731448494892,28.356431088562765,23.77975753717434,30.476496889313978,124,81
103,54.414059835582876,44.880510250567326,44.589964446023444,44.1154654678264,54.7641427907638,45.658079340475425,43.91848089830069,43.65929697046005,188,99
104,61.33321425130454,50.10699305246438,49.24509129207211,53.31470140415898,62.14811444305749,50.5868750264643,48.53854013619588,52.726470394282345,214,94
105,32.413369970290866,27.69944205769784,26.851060900656737,28.03612707135456,32.376294490175376,28.03371197872693,26.842624192537958,27.747369338559743,115,71
106,56.36930333579477,46.46200934871825,49.82182439263158,49.346862922855394,55.75585381549157,48.67919273590245,48.166016664261456,49.398936784344535,202,65
107,73.99872922358486,56.339968384533215,51.29370908462259,56.367593307259355,72.64384965060516,57.737518793505224,50.594206387789406,57.02442516810021,238,78
108,72.4388568782681,54.18155069717423,55.11691919476447,57.26267322979319,72.2426301799174,56.053728167515274,54.105882722605585,56.597758929961735,239,110
109,109.00194160414131,79.48541183100083,74.72942803291679,82.78321853194106,104.56095231559291,80.37465173592078,76.8416212583294,84.22277469015688,346,140
110,62.291238330016476,59.160452409623446,60.488350052479404,57.059959207880766,64.28365676264113,58.83857810732569,58.61148015772055,57.266284972312675,239,83
111,77.43848749094008,62.644115356486424,60.55451251015877,62.36288464241474,76.38473618275734,63.4306613333495,59.53261997019324,63.651982513699956,263,106
112,47.0959550749567,38.32903351629841,31.868534134257416,37.70647727448748,46.9840760687852,37.565242217987304,32.905598465742045,37.54508324748546,155,70
113,43.32588251104656,35.24743775074663,35.08936413711112,35.33731560109569,43.91093293525435,35.165469230182985,33.53646148821521,36.38713634634746,149,69
114,36.75519822912183,33.877020267462605,35.23905360235994,34.128727901055605,37.9893350059268,33.88641827153289,34.22885611241912,33.89539061012117,140,62
115,61.2643138382327,44.84409321795368,43.34679031606114,47.54480262775251,60.259139761496044,46.32007439712284,43.11341203640607,47.30737380497505,197,63
116,50.33524238952071,44.0947258850929,41.36539481963754,48.20463690574885,51.333461620108196,45.199563970025864,39.76126619560134,47.70570821426462,184,72
117,49.00930773451695,38.81895599339008,38.6152424617283,42.556493810364664,49.67657307857588,39.17072083139658,38.46018064025122,41.6925254497763,169,82
118,46.572968685058896,34.9851148305584,33.48183859041732,38.96007789396538,46.50589377643267,36.372701072638606,33.21993807827863,37.90146707265011,154,75
119,40.01472023808387,37.813688045647964,34.08958446442774,37.08200725184049,40.53037345148206,37.52895719049473,33.81984270796935,37.120826650053864,149,76
120,82.31671123342757,60.28195631110838,54.17426917478885,60.227063280675246,80.66404864019518,60.124663300557074,55.464271837502864,60.74701622174488,257,83
121,58.716227239491836,51.16793983330189,48.02199083017568,53.0938420970306,59.83077052909932,52.776169207951334,45.739942170274006,52.65311809267534,211,90
122,34.254760667116095,25.35235065243561,25.15619155780476,26.236697122643523,34.040862610647146,25.79185620802182,25.173637865070763,25.993643316260265,111,66
123,77.80922135321607,53.58731226067048,42.31181003703602,56.291656349077385,73.9690511337107,58.248154535429975,43.19312648189226,54.58966784896703,230,106
124,52.59055573137842,43.42677731330803,42.45051027573655,48.532156679577,53.31069486850716,44.77427422623359,41.3934451993174,47.52158570594185,187,102
125,37.139206448185064,31.941848874436197,30.6494129552932,33.26953172208553,37.09451224359618,31.49013364729115,30.077813504074268,34.3375406050384,133,61
126,81.08878583249131,58.44551842411176,63.35753535927984,63.10816038411709,78.25425472526834,61.38854665593184,62.76910553452899,63.588093084270845,266,95
127,43.53354467670123,37.46491911175721,34.05262090693757,38.94891530460398,43.83177759573051,37.739943822309996,34.065570759205315,38.36270782275416,154,93
128,75.56465379311977,64.91173673267598,54.556826293221114,66.96678318098316,73.22195616582803,65.50913556797893,55.76481177058272,67.50409649561031,262,76
129,43.36826420081917,35.606976060558765,38.472790986140204,37.551968752481855,44.37405690315778,35.96115708312672,37.186187006584746,37.47859900713074,155,66
130,109.8420295105713,83.76951285215588,78.82169306473662,82.56676457253627,107.91334121534405,85.31208156431079,78.08688503877613,83.68769218156899,355,118
131,29.69460466255723,25.536060688553782,27.93898707408245,25.830347574806552,30.467463926921436,25.611694297248544,26.67397605427658,26.24686572155342,109,57
132,65.59913398832445,50.06630962090501,51.828779408169346,52.50577698260119,65.53202770626493,51.349613415088044,50.68472589916993,52.43363297947712,220,83
133,36.390618187955134,31.059245402796332,32.67345475031879,32.87668165892974,37.25314263173673,31.550437225568615,30.768264629815985,33.42815551287867,133,66
134,42.086870336504134,30.893081771487118,27.389007652523556,29.63104023948523,42.474406663623355,31.715400994102925,25.965938309025997,29.84425403324776,130,82
135,41.46199837858762,33.636093109633464,31.54938412872597,33.352524383052945,40.88723547494832,34.18318481874434,31.514490594260074,33.41508911204727,140,61
136,32.95213637029832,29.545032457226142,28.507072618684756,29.99575855379078,34.11816505900069,29.895545167793003,27.428530677052972,29.557759096153344,121,75
137,55.5358181360866,48.304867740066754,49.13777176935223,50.021542354494436,55.21206791196578,49.17790460267648,48.47744594356241,50.13258154179536,203,73
138,31.05794236434679,37.276124145793155,23.415147818238616,27.25078567162146,30.914057031818192,37.38690380790693,23.593596156592643,27.105443003682243,119,70
139,38.476022030012906,45.63203072285001,40.174381307149105,42.71756593998801,38.972481839867164,46.353100388588246,38.709761693338656,42.96465607820592,167,91
140,34.833207696759516,34.6216042661937,36.211719451577174,32.333468585469646,35.79865305508022,35.08395754252785,34.27785132207988,32.839538080312046,138,68
141,43.04625991658106,43.275553753505626,33.965978449349095,40.71220788056423,43.63667983740644,43.07830942669768,34.35972770770879,39.925283028187096,161,80
142,37.25143290251129,74.51640110762506,34.98469365323404,43.247472336629606,38.41725217193974,71.7756181341025,34.45131720792929,45.355812486028455,190,96
143,36.46636070535795,55.374519391693795,34.5972117061866,37.56190819676166,36.81372938933412,55.45925889658674,32.995819274010294,38.73119244006887,164,94
144,36.054044690902515,50.09648792699014,32.06266325119338,35.78680413091399,36.164629327482004,50.00043101773801,32.88879168556951,34.946147969210465,154,99
145,42.93382925885094,48.864646674015454,38.054690785547606,41.14683328158602,43.90565486581767,49.64032281364061,37.27770460455168,40.17631771599002,171,83
146,44.02862140845121,48.43364127411567,45.911565931232374,45.626171386200745,45.9462457797701,47.606108255904026,45.36908701775027,45.078558946575626,184,61
147,33.77790703360415,42.315053676595454,37.685369053345745,36.221670236454656,35.45386677712991,41.53616128944759,36.88411752860319,36.1258544048193,150,69
148,33.64057216507658,40.90628094344877,28.648588899796344,30.80455799167832,35.310330475265054,39.91293262746231,27.673595446598274,31.10314145067437,134,65
149,30.62008179503821,31.662295116783785,27.677003646898623,31.040619441279382,30.766128555543762,32.204652575610744,28.07680455088537,29.952414317960116,121,68
150,38.515074503148355,36.80966724166237,29.592313018605722,33.08294523658354,38.92656577371246,37.03997736349456,29.072876018458555,32.96058084433446,138,80
151,25.888230385979252,33.290450194420345,24.747755642588007,26.073563777012414,27.118524595692264,33.090722807450774,23.601642055305806,26.189110541551155,110,65
152,39.81746441095861,57.29601974269389,39.592517506274056,41.293998340073465,40.981673220802634,56.53308203121227,38.811483264029064,41.67376148395601,178,92
153,31.403464259539106,34.491756485031196,25.702832187494955,31.401947067934753,31.22012812342783,34.970750531491845,25.346121969243917,31.46299937583641,123,70
154,70.62148329604857,96.89629435921547,69.64950463724439,73.83271770749155,72.86448713428027,90.3283235667331,71.38413730989114,76.42305198909557,311,116
155,35.22245921718427,37.444245882809554,30.241626655600257,35.09166824440591,35.63334238297161,37.772822030866855,29.49922473681742,35.09461084934412,138,81
156,44.51552806559788,47.1305058084466,36.38353526866826,43.97043085728726,44.7661784841096,47.29481386451193,35.990573212887995,43.948434438490445,172,69
157,28.981629624005947,33.65523411315549,25.381771076848732,28.981365185989844,29.699710098894396,33.10568459308469,25.4525982691701,28.742007038850822,117,61
158,38.14773740580315,41.02802393051541,33.33808044263311,38.48615822104831,39.577346664007536,40.47412394859688,33.04178203758735,37.906747349808185,151,73
159,48.07839671917414,74.8704922413567,56.667009263697565,58.38410177577159,51.18755439924814,65.97613750142065,60.03577358789589,60.800534511435295,238,84
160,23.986337689126533,43.979547091534656,25.274276199540985,26.75983901979783,25.56995844233831,42.20182276098773,25.16466502604099,27.063553770632968,120,55
161,30.252618135436858,36.27122174815067,30.874404288600296,30.60175582781216,32.39054579538869,35.203605016768805,29.85968204545267,30.546167142389827,128,62
162,22.9244646724283,36.36346633816883,29.769635627851773,31.9424333615511,24.105817940650184,34.77993956891039,30.871926050233746,31.242316440205684,121,50
163,59.12654080375667,79.16160451900639,58.3045798444057,65.40727483283128,61.51707829525371,75.15442635234122,58.98377812766779,66.34471722473727,262,82
164,53.084537402514904,62.03314065103288,48.48694199931248,53.39537994713974,55.10724223251623,60.513458650187964,48.429223522770336,52.950075594525444,217,70
165,40.05004486743452,37.89191140658302,29.227582542680178,33.83046118330231,41.29978692350525,37.3108282733672,28.435439525473118,33.95394527765443,141,70
166,31.27890415238112,42.211382751042215,31.70022773569363,35.809485360883066,31.27149712362393,40.41765531429428,34.67515793624261,34.63568962583918,141,63
167,52.63167789602377,63.5864501907545,60.57922906759277,54.20264284562899,54.11436971666355,64.62201411554184,57.374022173960945,54.88959399383367,231,106
168,50.32811557577762,61.685850082745596,43.878953422859915,53.107080918616866,50.889208079197964,63.850738211140076,42.80432947970593,51.45572422995601,209,119
169,54.5544088610732,62.11938008217267,60.55193853641178,52.774272520342365,57.950528005579166,59.62955192535817,58.10283554441396,54.31708452464875,230,85
170,76.35490188071404,86.65965943397234,68.93683641728168,74.04860226803198,78.93140999265216,79.65271915327523,72.12171205483986,75.29415879923273,306,92
171,46.73846126931916,53.3284566999752,47.17251955186882,47.76056247883688,48.66170898683381,52.209343436133,46.82941617301511,47.29953140401807,195,94
172,69.02732582315329,91.64557048236624,71.14866389503706,76.17843979944342,72.25577915025792,88.38834482360834,70.0427936614866,77.31308236464714,308,123
173,21.700463104404584,32.20591782487645,18.1997716747262,19.89384739599277,22.536945949594404,30.33175394619442,18.719092951150248,20.412207153060926,92,47
174,68.3487616698804,75.72871973164071,59.866160835132305,68.0563577633466,72.72617739806539,72.12290487396145,57.5630953987082,69.58782232926491,272,87
175,39.94868278806408,73.14198165811209,55.80746108612617,50.10187446769764,42.49753647084753,67.18154945464454,57.79357613589757,51.52733793861032,219,88
176,39.24033416776371,42.83611713549262,31.894233955662955,37.02931474108072,39.28914444958207,42.53241127684435,32.6320318028599,36.54641247071368,151,76
177,60.31858686638596,101.92385941714325,54.09542733284517,61.66212638362563,63.303712049185116,97.0629199974979,55.44997824870947,62.18338970460745,278,124
178,58.31403149601162,84.04845567700472,58.77257599083524,65.86493683614843,59.32176889348884,81.2190694660839,60.77007013649469,65.6890915039326,267,106
179,60.60478754610341,83.15385327602404,63.219330160275334,64.02202901759723,62.8581095509122,80.20201926043164,63.80004969504975,64.1398214936064,271,109
180,27.698456955133004,42.3670677299272,31.675071879325884,31.259403435613937,28.445991788627527,41.19853071934964,32.01147888559918,31.343998606423654,133,67
181,47.20572285257407,58.02213760860876,45.906912728471205,47.86522681034602,48.283151595236134,56.43461882582334,45.84547446889179,48.43675511004876,199,107
182,46.63886739084713,205.5638248215837,37.3461579597055,48.45114982786365,46.64286976147022,180.77880491885355,37.10271701766698,73.47560830200919,338,105
183,34.82534119459187,53.739952945892725,36.6286200712483,39.80608578826711,36.846089497935196,51.79824730928251,36.69758874249029,39.65807445029203,165,81
184,42.61585130441431,61.705867342024916,37.72799487649986,42.950286477060956,44.89170696787217,56.0908890233746,39.92922576278676,44.088178245966525,185,76
185,71.60368642830278,66.68651749921037,56.799089556849566,63.91070651563728,73.97821611453452,64.65790100907158,57.007253662265185,63.3566292141287,259,84
186,52.96001624617276,75.71008480381427,43.369086599166216,51.96081235084678,53.503376309476344,75.07712488543432,43.362280681085934,52.05721812400335,224,96
187,28.027078574487962,44.08940981822502,32.72817116485002,30.155340442437,29.41641734736479,37.41452427348169,31.354195025809055,36.81486335334448,135,56
188,39.47319403349271,37.55697536962721,31.421928776169104,34.547901820710976,38.969995986188344,37.682260828722114,31.508106228022264,34.83963695706729,143,83
189,40.48749073322496,65.91884370354735,34.41369881108955,39.17996675213812,40.96775771822895,64.78211897044449,36.36691229972443,37.88321101160211,180,120
190,64.57246750584298,67.6303213182533,60.317692920542676,60.47951825536103,66.4389584945007,66.65552987831411,59.27906100464762,60.62645062253757,253,96
191,37.94317592386486,44.10220650722101,40.30398719538218,36.65063037353193,39.80921287997609,41.80959459904549,39.44343439844166,37.937758122536756,159,70
192,56.65585357306971,62.85289505000583,46.321107597402246,58.17014377952226,56.98914371852217,63.275096241958416,46.05987645023184,57.67588358928755,224,100
193,45.444726989424225,47.76937059766861,41.653515270724675,45.132387142182495,47.087587859511935,47.356164481673055,40.43480757268063,45.12144008613432,180,76
194,35.18813444774943,42.90282693592792,38.3245692906666,38.58446932565608,36.472739470230756,41.45209673047763,38.888638799469796,38.186524999821835,155,86
195,42.5190753258177,95.04624268009843,46.484468457980725,44.950213536103156,45.30240397023639,91.06137582047506,47.25451005916051,45.38171015012802,229,109
196,39.68876126383689,54.03309475816681,31.538861377426905,38.73928260056943,40.18439339456293,53.82802588742342,32.299191376578456,37.6883893414352,164,86
197,39.175391601919756,42.340089037189564,33.34016849890996,38.144350861980755,40.404208887998884,41.12236603785538,33.77178530517967,37.70163976896607,153,72
198,68.35546213659663,76.62018204629861,62.508985944745035,62.51536987235973,70.59913807601339,71.37141984079376,64.07548754038906,63.953954542803736,270,79
199,17.28216195832818,17.10545974581347,13.874410733710944,14.737967562147404,17.022027798201904,17.96416575470578,13.32973093885575,14.684075508236566,63,52
200,41.17322808845342,71.21191665882401,38.14492608700764,49.46992916571499,45.8036909353605,64.42014471976823,38.52379475250291,51.252369592368346,200,106
201,37.378412728368204,39.458893805228854,29.095107668894535,34.06758579750844,37.600848095069324,39.16432983607012,28.812670204267572,34.422151864593005,140,84
202,50.41444799699212,56.4582905368196,34.2428225668839,41.8844388993044,49.25974697961076,57.430691805377435,34.433595526132954,41.87596568887882,183,95
203,50.248673897609315,51.33760311200568,46.829264924042306,46.584458066342755,51.04925442592675,51.566057701528514,45.493335377426135,46.891352495118625,195,91
204,55.81280185108099,66.6212607928669,57.430962320018956,55.13497503603315,57.386570281054524,63.63794446440813,57.62083604873921,56.354649205798125,235,77
205,78.14156060111596,99.41312108127777,74.97385649709527,75.47146182051102,80.38475462331944,96.07417412935615,73.25121896295936,78.289852284365,328,109
206,47.54315522709449,70.8745295960254,56.97635789067124,60.60595728620893,49.49405670910197,67.73670691503477,57.911182909189975,60.858053466673255,236,95
207,30.558114277318975,39.36400491578583,30.970395367676243,35.10748543921897,30.588402917763627,37.48343298711639,34.00789864090903,33.920265454210956,136,61
208,34.21237115883583,56.237186230801186,31.76672040751118,39.78372220285179,36.0503895069797,55.06871882859412,32.477602979946816,38.40328868447937,162,85
209,43.77218424216165,64.79537320906714,48.60673203822866,47.82571051054262,46.54167310479435,61.08482817879273,49.38314108416739,47.99035763224555,205,102
210,55.28912186728549,69.6278136792738,55.41428430947165,53.66878014396908,57.54991260535743,65.66955610422801,56.621894541139845,54.15863674927474,234,96
211,41.46066810499312,41.488261588996636,34.09319067059742,37.95787963541282,41.55272890711541,42.21190185086515,33.33585995383606,37.899509288183374,155,69
212,55.308909947439176,70.68987831182817,53.362578760261144,57.63863298047154,57.29748469662793,66.17288697967095,54.16528522746191,59.364343096239246,237,81
213,97.97576798133274,103.84240234486485,78.48943976656793,84.69238990723441,99.2266442450762,103.76735679529263,75.05074676345731,86.9552521961739,365,122
214,21.63142057418807,24.899067472679608,22.372532512567545,22.09697944056479,22.264354467748817,24.72638912479196,21.829271126451143,22.179985281008065,91,60
215,38.08959585727578,40.57894950701624,28.982705075114147,37.348749560593824,38.491083124278134,40.75330645433717,29.005169623466934,36.75044079791777,145,87
216,26.318719611052764,28.98248625641265,30.481700662656916,26.217093469877682,27.86018409223639,29.094700509193046,28.581725401901863,26.463389996668727,112,64
217,42.121480029820034,42.38535056613954,31.72675986645237,39.766409537588046,41.89998744010208,42.25869027793865,32.033205818002514,39.80811646395674,156,69
218,46.96436525078207,72.840581322897,40.776529485793056,49.418523940527905,47.60453555427627,70.41690912268965,41.8238204207436,50.1547349022905,210,109
219,39.945581010339794,49.349911985666125,30.399272093623086,39.30523491037099,40.429978066891756,46.27776480994756,31.622582773282307,40.66967434987838,159,67
220,55.447776231881896,66.61166811085005,45.56742431730008,54.37313133996797,55.684095178528516,66.20058573067168,44.91259508280661,55.20272400799319,222,81
221,43.009906045241145,45.50918556278615,37.99112925274851,41.48977913922423,43.84427835504321,46.89457726021694,36.43430902927539,40.82683535546447,168,92
222,78.05507546315823,91.2977957164523,72.35483850936878,83.2922903110207,81.56183295726512,87.27463278609048,73.86575051437151,82.29778374227288,325,111
223,29.271031668964234,37.700231842627076,31.999982684887186,31.02875380352151,30.772134732520257,36.60415747286394,31.88834647786166,30.735361316754148,130,73
224,62.75224249941976,73.43434697677245,63.69968562458485,63.113724899222866,62.90683746732114,72.8693569359246,61.9785297286626,65.24527586809167,263,110
225,26.842088182650734,35.70458359125377,29.46347558832059,27.989852637774895,28.246050547711025,35.51602409811089,28.333464285862423,27.904461068315662,120,65
226,29.368681272000778,83.43687781884057,26.666928502374688,32.52751240678399,30.806258437392323,81.54108919309594,26.3997188973507,33.25293347216101,172,86
227,32.40931253360543,49.906040244451944,35.733140661059366,36.951506560883246,32.99407485822142,48.93145131400279,34.65773987062893,38.416733957146874,155,102
228,52.544443121635986,55.479940907285496,45.194863660089084,47.780752310989484,53.42873020108631,55.056425688557326,45.00450620605613,47.510337904300215,201,90
229,24.99490888349006,25.59063823400241,43.55930331291874,23.85514956958879,26.06015412983265,26.621586417475775,40.91267539689968,24.40558405579188,118,57
230,23.795664047606433,25.901856600138263,34.88378104859809,23.41869830365721,25.71222421901357,26.196295121964994,31.21429441567664,24.8771862433448,108,28
231,43.617106127905664,46.48218354000758,67.63968929359338,47.2610210384934,44.75176481211985,46.46658039845764,66.17500878387526,47.606646005547276,205,93
232,58.385675223673005,54.68381468419817,72.58755443294392,55.34295565918492,60.777175479364196,55.64265331898095,67.79693836836502,56.78323283328983,241,105
233,93.15831621480794,80.35314569857567,100.17947657057212,79.30906151604437,97.05938581903375,84.12270728092169,90.52567854481241,81.2922283552321,353,109
234,35.464726992983095,34.549652245732375,45.716653157602856,34.26896760368168,37.65095909411363,35.35701455503237,41.84921876436534,35.14280758648865,150,66
235,40.157778974412764,39.27651416797289,66.41619398585115,40.14951287176317,41.691642120197315,39.7507243767957,64.20015978301971,40.3574737199873,186,85
236,52.994884856206916,51.022874899668295,65.34108007095801,51.641160173166796,54.906456581262574,52.323128448125075,61.45940370384544,52.31101126676692,221,84
237,55.556131331015976,47.56779553744404,64.14063104130638,46.7354420902336,58.44952462375206,49.67782165459926,57.6991875734148,48.1734661482339,214,84
238,49.458484265609165,46.98644670588059,59.27551368959009,46.27955533892024,50.286947953863304,48.33188563949326,55.19940479021077,48.18176161643263,202,84
239,37.561758902605426,37.218633273525995,56.816964652277804,38.402643171590796,38.61719650654461,37.75497434223451,54.43877780994412,39.18905134127679,170,83
240,42.77302309679807,47.812417096835276,85.11735893465617,46.29720087171049,44.57388101031052,48.038302526709685,82.57078312843224,46.81703333454754,222,119
241,22.8107516129165,23.367727286194466,45.73231215383556,24.08920894705345,23.703378236766643,23.350971365215024,44.804263108542806,24.141387289475546,116,76
242,49.8427391516285,44.17939626058434,57.82106755219382,47.156797035593335,51.093726577224764,45.7107205252458,55.297652572070554,46.897900325458906,199,93
243,36.74809794778721,39.64481628472501,59.30618878305512,38.30089698443267,38.55180010053755,40.66313428000087,56.95286270854539,37.832202910916195,174,98
244,67.97061368286765,76.80197238198454,158.6386547425162,75.58875919263163,71.851760820972,76.60328584385873,152.9152418524697,77.62971148269962,379,174
245,23.010871103707267,26.38292908965906,54.16343364522648,25.442766161407196,23.439090402424277,25.487997734454225,54.69938453153747,25.373527331584047,129,92
246,48.1155903646621,46.74355078119918,66.86941616585486,47.27144268828388,49.39007649208832,48.82232764278724,63.60281203558454,47.18478382953987,209,105
247,49.853040412487715,49.37979315810468,70.71610881149483,55.05105761791281,52.78123432815233,51.455504790860346,66.70222367856317,54.061037202424124,225,114
248,44.14417513352372,41.662631817131,55.45216839622156,39.74102465312374,46.04345797617841,41.25874912278169,53.436768251961425,40.261024649078465,181,88
249,48.462568593566,50.39804303918332,71.95105273709477,48.1883356301559,50.13147105037579,50.617757724030575,69.79119335468995,48.45957787090372,219,102
250,44.93357273465957,41.87662463533661,55.69772550382961,41.49207712617424,46.25809372531789,41.938732103095035,54.179494077545016,41.623680094042044,184,86
251,49.42356046597736,46.407027273994785,94.62563111480617,49.543781145221686,51.3156503975451,48.242214805903714,89.81648342687218,50.62565136967898,240,129
252,53.09307453910386,45.29538395408312,62.17241197301427,45.43912953379875,54.407857337094875,46.747813015922176,59.14840017163246,45.69592947535045,206,93
253,24.724035384413067,26.871167681894885,28.048048684050233,30.35674824964183,25.716804874364062,26.819328546776237,26.465123870354834,30.998742708504874,110,64
254,49.62970434444641,52.137836497229934,47.57397463560765,114.65848452271608,49.97155265869268,56.37587205640945,47.59543083964514,110.05714444525279,264,84
255,32.471939228832625,28.661464411840782,27.54865838146338,31.317937977863224,32.74534241580377,28.763927974838637,27.33839420876403,31.152335400593543,120,83
256,49.634874503361964,43.94278620332633,38.97137146479059,52.45096782852115,49.89812793823851,43.9031726805006,40.14153848696557,51.05716089429534,185,88
257,37.8845291042756,34.421384519500144,31.363599633396728,37.330486742827524,39.16593152379351,33.910297600590056,31.36519568853378,36.558575187082646,141,81
258,41.40199490420837,45.38066773545914,47.07139502525876,56.14594233507375,42.35683875250044,44.78325753476456,47.571765819561406,55.28813789317359,190,87
259,85.68573597588639,80.63570001871271,76.57351688386498,139.10504712153593,87.29421020587704,91.81974852521162,74.56172010833085,128.32432116058055,382,103
260,44.62151555888655,44.652066896441525,41.68933459043842,50.03708295423352,46.281430651207096,45.115589753622395,40.30806065571326,49.29491893945726,181,65
261,43.13991775717809,41.970981206257164,40.57549294812582,49.313608088438954,44.68733852503549,41.14651192993455,39.28829027046605,49.87785927456388,175,96
262,58.26384738660995,61.125670130757214,51.336077477017014,70.27440500561585,59.342689227015086,60.03587937234395,51.096242450304615,70.5251889503363,241,130
263,68.42116297394247,67.35574923293596,57.23709480153122,66.98599299159035,69.15321451445024,68.50924495974776,56.77767556029704,65.55986496550496,260,108
264,35.195959929357166,38.02945062645146,32.86713126952788,40.90745817466352,36.04786355025819,37.8863260003131,32.376327489314676,40.68948296011403,147,86
265,37.4179569850389,38.47426767173785,33.71057383129812,75.39720151192508,37.546677865084895,38.00421595875675,33.44564279570391,76.0034633804544,185,126
266,47.83493272843886,46.90969569203623,45.06193160715867,48.19343997236627,48.44140056311433,46.54058461871447,44.86683481894045,48.151179999230756,188,84
267,33.308076695394476,37.30442976338003,30.46908908382275,40.918404457402794,35.761238479592464,36.65765868122605,30.46948891910382,39.111613920077666,142,64
268,68.00917764493705,67.80696913919037,60.74305005980422,71.44080315606834,70.46808316156695,67.7183697952847,59.03890818328895,70.77463885985946,268,70
269,54.31927261563461,48.62066297937102,52.0971694662661,67.96289493872827,54.95503349794899,50.947628784903166,48.7138003104688,68.383537406679,223,96
270,50.4195215083255,48.02003375173994,40.03767458671786,48.52277015321668,51.69680827262742,48.80969971517929,39.121782549770856,47.371709462422444,187,82
271,37.9484935458048,37.75196630926096,34.485372999538036,38.814167145396226,38.3349433762785,36.68271398403885,34.51015045121553,39.472192188467105,149,93
272,42.54810864540768,37.44446272764506,35.42193428394585,46.58549434300142,43.17329117654776,38.45513568427718,33.79568889358592,46.575884245589165,162,99
273,32.374980703521054,27.77466430740486,27.943014469478634,75.90734051959546,31.854968788180496,29.19838888242466,27.47793377459595,75.46870855479895,164,94
274,58.058826952476835,61.1849665416071,63.85773401223399,69.89847249368202,59.85650936238226,60.46130345359047,62.95130272203866,69.73088446198861,253,102
275,60.34861621507759,58.42186158832615,53.320898192035614,69.90862400456066,60.796926296846486,55.58609523725041,56.10305905398102,69.51391941192207,242,121
276,47.12741892943296,58.26184982756633,38.39179566994528,92.21893557305549,48.513397733836065,57.77665698062716,39.181292340544964,90.52865294499179,236,127
277,37.67149022613244,39.25272407379208,34.76437096800346,45.31141473207202,39.545589782195925,38.581601330610944,34.802833114475106,44.06997577271806,157,70
278,59.76094014858564,57.231115090843765,60.416721882707314,65.59122287786329,60.38540972834518,58.71095882328959,58.92519787022389,64.97843357814135,243,89
279,18.488207033246486,24.441654320816287,17.56605067442197,29.504087971515265,19.69864060974258,23.57604821158928,18.447995109045017,28.277316069623126,90,57
280,76.35439030259683,81.37484333267331,75.02734268200938,160.2434236827204,78.13839805473928,81.86918843612042,76.16490022525943,156.82751328388085,393,181
281,47.098508963756686,52.796661170703366,49.261896125813166,78.84293373972675,48.98393854386505,50.80809593955212,50.007240119662555,78.20072539692029,228,124
282,93.66640941641519,82.76687384530736,76.76876281285766,89.79795392541975,95.41081945141741,83.89981533456539,77.58203421265483,86.10733100136235,343,76
283,47.82783108993452,52.757514323215865,48.18348889496039,61.23116569188928,48.87096115470993,52.11135835084901,49.96837249790835,59.04930799653268,210,83
284,42.87112583370699,40.363005514394395,37.30784585929592,44.458022792602705,43.64150048396827,40.81296798689839,36.56063838639552,43.9848931427378,165,80
285,28.629177868183376,27.860099531928956,26.655699454894606,35.855023144993076,28.39067838731124,29.883032935536175,26.88472999996609,33.84155867718652,119,64
286,62.84092421571335,62.09504281356073,54.00090909921193,79.063123871514,64.80557706613428,63.033455474916956,55.62051843394915,74.54044902499962,258,100
287,34.16986552750155,33.14260920842618,27.944015256688754,43.743510007383556,35.41841652142176,33.46898939198845,28.18397765045587,41.928616436133936,139,80
288,16.589605622561187,16.028558793145596,15.157211035724009,16.224624548569203,17.205239820803634,15.812667267093348,14.990521576097912,15.991571336005107,64,26
289,51.47580714098751,48.606632016634705,47.30643850238614,58.611122339991674,51.33151119707173,48.594856544623426,48.1176166232258,57.956015635079055,206,85
290,31.275234581780094,32.602488235542786,33.75818230993941,51.36409487273772,32.81181019992799,33.41296879010777,32.18318149983163,50.59203951013263,149,69
291,71.33851430918581,66.76940694701838,64.18125787331094,79.71082087048484,74.43036779806927,68.27987211963317,60.91582791996213,78.37393216233544,282,98
292,29.023569189257902,31.176937005801147,26.90809401302054,46.89139979192042,30.01768736155202,30.518316962599464,27.642906152297037,45.82108952355144,134,69
293,68.11495756208122,58.547477460721815,57.53178028498762,65.8057846922094,68.74303208857394,59.40607925902452,56.520509725318306,65.33037892708319,250,118
294,40.90060041706235,39.34796789890864,34.07290828492047,51.67852339910856,42.03359431068393,40.0639961339959,33.58994527388425,50.312464281435936,166,86
295,45.662894210016375,43.60555064221339,37.357345175340676,67.3742099724296,47.24063568637115,44.01445106382823,35.997436071837065,66.74747717796357,194,97
296,84.45251611699956,81.3009147318858,74.31234565110782,90.93422350000684,88.00460007485366,83.94976834854845,71.57514277504566,87.47048880155225,331,82
297,76.03502943109466,70.42159661616886,71.67216398392334,84.8712099688131,79.52207467511842,72.27469742633706,70.10873364700046,81.09449425154405,303,81
298,23.89620765216511,23.64140748344773,24.220212035349437,29.24217282903772,24.32954292724087,24.276964584199263,23.220871642123214,29.17262084643664,101,74
299,30.72006556803314,31.067054493579704,27.199811038198124,37.01306890018903,31.03488698990907,30.834806786021584,27.562057881865506,36.56824834220385,126,80
300,54.46561367461813,55.373570959929594,43.76091180201867,93.39990356343355,53.9726497869744,58.68101158438339,42.236519534472514,92.10981909416971,247,101
301,16.51673452675508,28.917778629950124,19.824856980765254,43.74062986252955,16.975315907979347,29.336403123408743,19.871896460387592,42.81638450822432,109,68
302,34.63328851901287,34.448580290301045,32.624942770202686,40.293188420483396,36.3647262026277,34.63470250810072,30.775029333900154,40.22554195537141,142,77
303,32.18294179198318,40.75369845685755,34.435598305983014,41.62776144517627,34.08313242705852,38.70327268737211,35.088928170750684,41.12466671481867,149,82
304,34.53168111334736,31.373345006399244,32.220484097694566,34.87448978255883,35.156698902959064,32.01198656945372,30.472160916180982,35.35915361140624,133,71
305,51.908018764977435,55.86083989934832,46.299097355261914,59.9320439804123,53.82640052449749,53.54796288879418,48.61434326267099,58.011293324037304,214,80
306,44.68392808074905,49.27002236334195,43.14066827315622,64.90538128275278,45.69211276138751,49.0999587297092,42.9752772093109,64.23265129959236,202,109
307,49.35576171437144,49.92940730782146,48.951663782451206,62.76316719535588,51.24076390541204,49.73427709825411,48.15092547712803,61.874033519205824,211,101
308,29.518941292341193,31.06887946097319,33.89861038651294,38.5135688601727,30.615314239112397,30.378520032827556,33.09350127365252,38.912664454407526,133,56
309,67.59721098623339,63.9045805105737,69.08734824671555,95.41086025647733,70.72075799879876,64.01588345665631,72.71832313808243,88.54503540646256,296,74
310,57.7371817135754,51.87633507994667,47.19515408706303,55.1913291194149,58.76185417679023,51.74363443834361,47.417761273868784,54.07675011099739,212,81
311,71.13860088901333,70.04539876247233,65.95986302755881,84.85613732095551,73.77254345518607,71.34569382359732,64.83974037429361,82.04202234692303,292,74
312,51.0748230176635,52.82637844587446,45.62116612678308,63.47763240967897,52.2501034040705,52.656416185323295,44.6386845675288,63.45479584307743,213,97
313,43.14050638685687,44.71805462579391,39.66493809440903,48.47650089294019,45.26135760592004,44.154134471708204,38.55364139559896,48.0308665267728,176,68
314,93.63694056146937,85.87453020006566,73.83315083622873,105.65537840223624,98.10059106176611,88.80556097745416,71.71951346967587,100.37433449110381,359,111
315,91.83690378345256,90.33731648623798,75.60787160158503,98.21790812872452,94.63143909140796,91.36470982247832,73.57516263744046,96.42868844867324,356,113
316,57.798476060284635,59.24673194764597,53.19643385533843,67.75835813673089,59.222328537583685,59.979994490604994,51.46241753162119,67.3352594401901,238,122
317,46.99020798086553,41.28501082509059,40.80408405989338,51.920697134150494,46.98181544238029,42.12098866640058,39.69487200916384,52.20232388205526,181,94
318,45.94293285766045,49.21070628088896,46.0832456843211,52.76311517712947,47.398449369948054,48.93240752457354,45.35628593449867,52.31285717097973,194,105
319,26.651687367986796,33.68116475951918,23.239820154280252,60.427327718213775,28.403350547764813,32.902678831248096,22.37481435793292,60.31915626305417,144,109
320,37.66285059263375,40.671235523673495,38.53605950488824,46.1298543788045,38.11141000294632,41.47476973938414,37.27404156655497,46.13977869111454,163,80
321,42.00567461197568,36.28160213791916,37.55064224079012,40.16208100931505,42.14876114321982,37.29241273932335,37.1597616543582,39.39906446309861,156,91
322,23.208821419163524,28.57646771989071,25.51915410993209,30.695556751013672,24.515002025040104,27.27593623973613,25.73331549054035,30.475746244683414,108,64
323,33.01435231043343,40.29800536784214,48.929662869040975,55.757979452683514,37.67928393517444,39.92243852112492,50.61996558010373,49.77831196359693,178,65
324,36.15557104611052,35.56735285075239,28.9666946198962,39.310381483240874,36.532489446526746,36.12831153870165,28.984049982131214,38.35514903264037,140,80
325,89.54491084360673,84.38595377212188,92.98886196984071,109.0802734144306,93.9104749495499,87.67458805735956,92.11725242274802,102.29768457034253,376,105
326,34.23470795595137,35.039066652229515,32.30201781424421,36.42420757757493,35.165310542615074,35.37877402128366,31.227913616737865,36.22800181936338,138,85
327,46.503480833404126,44.77086423657741,40.24389463143579,52.48176029858269,47.752599379578434,44.479594119141105,40.31054401866518,51.457262482615306,184,100
328,42.5712876742901,42.463251205714,40.25123485372317,74.71422626627276,44.12223718824066,42.162554816712095,45.6101935705788,68.10501442446845,200,119
329,53.44118479185259,61.034081399713465,46.63471526997514,63.89001853845882,56.107104473313896,58.477903783434364,47.14762720650928,63.26736453674242,225,80
330,70.77717769946733,65.49116398179028,61.44695257066222,76.28470574808019,72.09854775817232,65.44294213562168,61.87889300859969,74.57961709760632,274,65
331,27.566943377931885,30.96822250328595,35.614239568981354,33.85059454980081,29.420172968810977,30.877147903934937,35.6560555704863,32.046623556767784,128,66
332,38.343403817865294,36.75317872981119,35.36078197633737,48.542635475986174,38.557772380813326,36.31921670128421,36.53567398499084,47.58733693291163,159,80
333,56.43325862313882,56.379265649097206,61.05252217059337,70.1349535571706,57.64352951660391,56.877357617600424,61.324261640193406,68.15485122560227,244,109
334,28.473855385853607,26.387647089769825,25.76672604408029,31.37177148029628,29.158310674166103,26.9133131568957,25.164680430692332,30.76369573824589,112,70
335,37.12899642923721,32.870921749476075,31.544337979208834,37.45574384207786,37.26201011748915,33.05633047534308,31.857293732541123,36.824365674626655,139,75
336,33.96871964070527,33.465664194883,25.690302678161302,44.87531348625044,34.30844847977097,32.67539484493914,26.263574535626287,44.752582139663595,138,93
337,31.317531121383567,26.5426879261795,27.98833375967749,31.151447192759456,31.449328466851203,27.188670610749558,27.271527738768818,31.09047318363045,117,67
338,33.491805365497804,37.442483842097644,35.716560562381616,40.349150230022936,34.62540772004829,37.07991785417928,35.609808894359034,39.68486553141339,147,76
339,46.30916378385847,42.78157361829355,35.423637281179225,53.48562531666878,45.358546066230176,44.06310458123637,36.0534300314041,52.52491932112937,178,85
340,50.824366918969076,44.487364109358964,43.37860837139753,78.30966060027443,52.04490957388545,45.979201730418175,41.752908165119756,77.22298053057665,217,109
341,37.28257875734589,33.7935533259905,30.663123470861507,40.26074444580211,37.49605379738109,33.63569706507628,31.282543038018286,39.58570609952436,142,73
342,42.359625592599684,37.82075270132793,35.75330284781291,41.06631885825947,43.25652922889599,38.48124319057228,35.059475059660166,40.20275252087154,157,71
343,37.300356524062536,31.992473015197945,32.18534364468822,35.52182681605131,37.05051391861073,32.331045932076776,32.129701111963,35.488739037349475,137,76
344,45.18317244741171,42.71038190917892,38.651957031503734,48.45448861190569,46.942764871527054,42.51280480224274,38.6270695008984,46.917360825331755,175,80
345,61.820347030114824,60.12660380741242,60.11027554739363,80.94277361507919,62.972854258624146,60.9598925401167,61.75293358981577,77.31431961144342,263,88
346,93.8607845065408,91.67857499350328,82.2960033624013,107.1646371375546,97.84335936442471,92.68398414287876,83.95405295176938,100.51860354092715,375,73
347,47.25776003418526,43.34297635659936,46.45339979310567,59.94586381610971,47.83227471565465,45.47120633230456,43.44623734179483,60.25028161024594,197,96
348,42.18341488367991,48.692511617334105,41.46401523673222,60.66005826225376,43.820480573008716,47.023371745524706,43.49315782875833,58.66298985270828,193,80
349,35.152139570184026,36.112081304377696,33.38660375278688,44.34917537265141,35.303266469875915,35.643344361066156,33.173260557212394,44.880128611845514,149,83
350,77.08823602163851,70.81058439089624,63.5880033394459,83.5131762480193,79.91624478466485,70.10144673764898,62.99680273486525,81.98550574282088,295,98
351,54.50189940036266,57.462892829863684,58.61429697603452,72.42091079373911,56.604440799666996,58.04487944056442,58.14458078888123,70.20609897088737,243,96
352,64.0288644495446,68.74712143593294,76.53400308091746,70.69001103360502,66.91276511786434,70.08518005866323,71.83804491265316,71.16400991081926,280,87
353,47.52958422900699,47.17827493492924,39.86640929996678,68.42573153609696,49.23088261147017,46.59915299636754,40.35070518964356,66.8192592025187,203,90
354,40.631949813157995,40.137061857815574,40.07867789664895,43.15231043237752,41.667013644836004,39.5102473821773,39.06037485721504,43.76236411577166,164,75
355,30.871917610541594,30.75386276659264,29.382561594898846,38.99165802796695,31.54020867101776,30.426635003827275,29.271206046895266,38.76195027825969,130,91
356,61.35253077351279,58.41276877538733,55.09415956485993,60.14054088623998,62.685654208052604,58.0527600241998,54.719060104186354,59.54252566356127,235,78
357,60.468619225469304,56.53537325681701,46.85253857363048,60.14346894408322,62.397573883157975,57.252432713401554,46.591150665731874,57.758842737708605,224,90
358,22.72815102138812,23.81477970949136,20.508731654790893,27.94833761432963,23.730797807572404,23.69616679542815,20.444336597211247,27.1286987997882,95,70
359,51.021833494994546,48.50146122706084,46.364795315086255,52.11190996285836,52.07035611430249,49.45685295113646,45.39276616570991,51.08002476885108,198,89
360,28.02972201604184,30.77736946337791,28.166540252755482,43.02636826782481,29.415414108976666,30.873080960188588,27.91296824212939,41.79853668870539,130,77
361,38.91755097128188,41.32595125367847,33.314390632025244,42.4421071430144,39.76118116189677,41.87678700170375,32.97656696952371,41.38546486687576,156,52
362,40.701794902943725,50.544723820053306,45.30089907631967,69.45258220068325,42.196141752546794,50.514689811720956,45.27918879573279,68.00997963999944,206,86
363,22.05886438063784,21.126334516415803,19.570903018642912,25.24389808430345,22.7422867993126,21.935690267623478,19.211824946883144,24.110197986180786,88,56
364,42.893851809268575,41.80438394791552,32.50246131997083,54.79930292284509,45.485961803612604,42.03267638993729,32.931611710542235,51.549750095907875,172,87
365,33.820035301081454,32.972591271648824,32.20655291618665,37.00082051108306,34.960462161778395,33.31195412766236,30.68120029836582,37.04638341219342,136,68
366,53.80217200924678,56.5562966737799,62.59731100504091,63.04422031193245,56.283434276321586,56.230502251889455,60.35737982209711,63.12868364969186,236,103
367,85.21911611952208,99.73949732445209,76.98094299131081,117.06044356471506,86.35794057718137,97.37905815289947,81.5365918831972,113.72640938672203,379,132
368,82.1196898524848,74.72842990545344,70.44911966813238,91.7027605739293,83.87631832043749,75.54709065241579,70.66186909768449,88.91472192946227,319,74
369,54.50189940036266,57.462892829863684,58.61429697603452,72.42091079373911,56.604440799666996,58.04487944056442,58.14458078888123,70.20609897088737,243,96
370,28.320890756517624,32.97995577116728,27.662042015860322,32.03711145645477,28.95600105387181,31.210952333403537,28.073770926279046,32.75927568644561,121,61
371,81.8175863301172,79.48374760722997,82.14544328367325,79.55322277897959,84.45423603311382,79.39771537201646,80.85330510297452,78.29474349189516,323,102
372,37.27516539977803,35.3104191699791,32.65130946093425,36.763105969308604,37.154535262459724,34.854716375404905,33.75610752116858,36.234640840966804,142,72
373,28.005114454156534,37.488544533274556,28.166848214778568,47.33949279779036,28.924059031308882,37.34414248782014,29.18058028418354,45.551218196687444,141,54
374,65.77706449891025,66.8573644047127,50.05747805933683,122.30809303704018,72.73429274663177,68.65089496433605,50.63343014269599,112.9813821463361,305,107
375,35.94791600139338,32.8729179615671,25.200332966366254,55.97883307067328,35.9272217950775,35.537990724550596,24.351761621200797,54.18302585917111,150,72
376,66.13304997445131,64.88957319306222,62.00934638607865,93.96803044640784,67.06288774472803,66.13596966326469,62.57419921688848,91.22694337511885,287,113
377,22.117408838455226,22.834806346884392,23.247157017012373,23.80062779764802,23.22444597249875,22.987056462934735,22.428534330408784,23.35996323415773,92,50
378,76.70179382421888,77.93205465207491,70.1311016831853,93.2350498405209,76.03155502782496,78.09865640711139,72.3247544229926,91.54503414207096,318,114
379,42.84814559488797,41.15824218690607,33.11421329424974,58.87939892395628,46.94257802643141,42.83199088970419,31.632668763923927,54.59276231994042,176,74
380,36.62477365515371,36.03553585419252,28.86718997452313,43.47250051613065,36.31895660354937,36.00024239239452,28.815336394710137,43.865464609345985,145,85
381,41.83426724826624,45.25309545406686,36.32626008917436,102.58637720849252,40.576619321555015,47.0911255990743,39.87990752648159,98.45234755288911,226,81
382,57.996191585025784,52.04065023137983,49.76590744460162,63.19725073899278,59.227085579718455,53.13284152285329,49.117811941275065,61.522260956153126,223,70
383,39.80752958954491,35.993488797687306,36.15648145466547,44.042500158102314,40.52001945729003,36.73549329037486,36.055780557021166,42.68870669531395,156,80
384,108.9921969614706,112.25131399063953,91.8600307601339,130.89645828775596,112.77935732076973,114.33821536931741,91.23420066315595,125.6482266467569,444,128
385,61.74698700945571,57.62410439821954,50.258504832336705,66.37040375998805,62.124489125859725,59.06742062686107,49.41865267731579,65.38943756996345,236,87
386,101.54078939525833,104.65990770663491,97.64296361909913,174.15633927900777,106.60865840256514,105.1038043154359,102.82315307722095,163.4643842047781,478,103
387,53.42895601851871,60.60824043793914,46.846517975332965,97.11628556820916,55.124787329016776,63.04504357597076,48.900959118728295,90.92920997628414,258,138
388,27.56766836344164,27.502631172167703,26.3923001005178,47.53740036387286,28.273828869244742,27.973987426968563,25.112878824121093,47.6393048796656,129,75
389,30.739157274821313,32.75562130770928,27.467358753754414,55.03786266371502,31.4707246825405,33.24945819372617,27.704864099291253,53.57495302444205,146,79
390,44.369559265759655,42.599632405476044,41.313951099941775,52.71685722882255,45.92318887175638,42.71222115112208,39.94575509981762,52.41883487730393,181,73
391,33.949308009450085,29.43268480242509,28.57632191385369,34.04168527427113,33.777908741540074,30.32526162082929,27.430889205732953,34.465940431897685,126,82
392,45.95576800277268,39.91896126392521,38.222673370417915,47.90259736288421,47.96951917685282,39.67988963033724,37.10288556499996,47.24770562780995,172,85
393,28.81872629192029,30.40319868022777,26.159362709262954,35.618712318589,29.565855804416277,29.480719222638285,26.095265984151723,35.858158988793704,121,71
394,78.04172505963776,66.51680624050374,67.39804908892332,75.0434196109352,79.75639795409559,68.05566949647475,66.46058419919855,72.72734835023117,287,90
395,48.07579454666064,45.02558310217591,48.30891555310866,71.58970679805479,49.094344403948845,47.34795696054837,45.76296802018024,70.79473061532252,213,73
396,79.38805050598499,76.9893748397284,60.88485871380817,88.73771594047847,78.62796613720278,76.35120631387622,62.95718228752341,88.06364526139757,306,116
397,79.93094988080254,70.92306629146928,71.84972859481536,92.29625523291281,80.737763328401,73.62643023811049,70.9881904624442,89.64761597104437,315,75
398,53.33163027707625,56.10282216103202,54.778565862189055,63.78698169970269,53.62071299870953,57.30390244766923,53.69909902316087,63.37628553046042,228,82
399,58.63574889805667,52.100324775326094,48.80271582712369,67.4612104994936,59.58808197936072,52.2414398886985,49.88440262240372,65.28607550953708,227,108
400,39.9531567537217,38.62980485951099,36.473901810598335,42.94313657616901,40.66936954365331,38.785360327689766,36.453602768298,42.09166736035891,158,76
401,39.098565624347096,37.05361323048739,37.46680965989792,50.3810114852676,39.56304703261597,37.36345299123099,37.34652382606404,49.72697615008897,164,113
402,40.51425347116278,39.58564677892378,39.33896003141179,48.561139718501636,42.07195923704187,38.8827156718598,38.852590764091346,48.19273432700701,168,86
403,56.747435161727736,58.12505281709832,47.01755889456072,63.109953126613206,57.30942522201004,57.8290501466109,47.352621514129,62.50890311725003,225,96
404,33.05620804702354,27.732968044652335,24.24782804569714,67.96299586262698,33.64052984193548,27.263869441156967,24.711739232082994,67.38386148482455,153,74
405,38.26330686025047,33.39431879100749,25.83756966142793,41.504804687314106,37.947748744344246,34.13670634740321,26.2803251269122,40.635219781340325,139,99
406,63.86685657415924,65.12427357539825,68.5793527625004,86.4295170879421,67.06825812753114,65.32937056194304,66.36969744346735,85.23267386705844,284,142
407,30.082463058554314,28.732845074656137,27.828799545701276,32.35589232108827,30.582962041952822,28.62549882353465,27.377297001062274,32.414242133450266,119,82
408,43.09860374294668,38.51372294349093,39.665806126439755,43.72186718712263,43.97947708930475,39.015493451184106,38.905477426252354,43.09955203325876,165,84
409,31.802877560463546,32.01062685101578,25.590953376576234,33.59554221194445,32.894857799451025,31.83757221691101,24.886742905821148,33.38082707781682,123,72
410,36.392243890366046,40.17613354935987,30.753291518824394,50.67833104144971,38.209120670569966,38.0488558403199,32.356834496947634,49.38518899216247,158,101
411,27.38145244379579,30.57245602736244,24.602101515684822,42.44399001315698,27.775599418895673,30.048934414512484,25.0467396022177,42.12872656437413,125,90
412,54.50189940036266,57.462892829863684,58.61429697603452,72.42091079373911,56.604440799666996,58.04487944056442,58.14458078888123,70.20609897088737,243,96
413,70.84971329931004,72.66660467922983,65.07748856199825,76.40619345946193,72.83918632157419,71.73591296722829,65.69223597931541,74.73266473188212,285,113
414,30.906507152431857,30.40461145051861,28.205621126967976,32.48326027008157,31.63440714050453,30.54896532488274,27.87893293168987,31.93769460292286,122,76
415,57.413811096113484,61.58149788843298,58.22872071442508,66.77597030102848,60.16134232123182,61.315177783521854,56.56176287440932,65.96171702083706,244,89
416,36.9421968435789,45.167217218172496,34.806870745268625,92.08371519297997,37.13685934908785,48.25000318446919,35.01510334578535,88.59803412065763,209,131
417,81.65674598367055,72.30725005545331,71.40970011794715,88.626303842929,83.51554230954073,77.23522812625295,69.96924789755342,83.27998166665287,314,75
418,56.88805300167992,51.06750957191586,47.446094301851204,58.598343124553,56.96394125089234,52.40747711946007,46.30123092735739,58.327350702290246,214,69
419,42.073456197148275,39.41108575484331,42.00906106299703,47.50639698501142,43.355433452630734,38.77468425065799,41.78283566438709,47.08704663232417,171,87
420,67.4544494491929,62.578974077056884,56.965280284519054,63.00129618923118,68.72004253221797,61.5466650192916,57.08079930840991,62.65249314008049,250,90
421,47.545692464310356,48.13309799619622,41.67611951358964,61.64509002590378,48.50451920724013,47.751324834150275,41.99110727628595,60.753048682323595,199,83
422,30.708864467524975,35.54362105361493,31.265265453154147,39.48224902570597,31.811864451297843,35.249648246272464,30.49253999624792,39.44594730618177,137,65
423,44.42554581198988,41.375586093877295,34.852470777666746,45.346397316466096,43.444078622140694,42.92016940067025,35.038348168129524,44.59740380905956,166,97
424,36.03548872603545,32.64239576928462,32.78607931237755,36.53603619230237,36.68063852698148,33.14227190515354,31.883273625881603,36.29381594198336,138,76
425,34.29218894472912,32.79283785064658,31.63229137156153,39.28268183306279,35.44526957317307,33.80949372940241,30.65844415580024,38.086792541624284,138,66
426,31.73808924987217,31.557459014923495,33.89019300227374,31.814258732930604,33.22628720628403,31.9071732304426,31.360451849505154,32.506087713768224,129,77
427,47.096547693696486,48.727359667225905,44.64153061900661,73.53456202007098,49.6004588527321,49.23438326255388,42.87452119186273,72.29063669285132,214,101
428,33.59824135837369,34.64800297917814,28.690380440901812,43.06337522154638,34.598664712166304,33.816294723473604,28.91605738500237,42.66898317935773,140,81
429,39.99543935418489,37.43210566125628,31.891443934826757,40.681011049732085,40.03619943306534,37.55358929863625,32.155300134424174,40.25491113387423,150,68
430,62.314429878446795,76.06978110994824,76.49515836235935,86.12063064924558,65.89805201859735,74.31546786895068,77.42855862114104,83.35792149131095,301,96
431,36.26252515609677,35.239170425082335,33.92472899478391,51.573575424036996,37.787843413084744,35.3411979053075,34.075365050929825,49.79559363067793,157,75
432,14.789786617685195,13.437922423587576,12.553794487547199,54.218496471180046,15.438552744659148,13.754987169654553,14.5347383125629,51.2717217731234,95,39
433,57.596912796221815,55.494273089975124,53.64233724558667,60.26647686821636,59.04549493252353,56.29213144785183,52.28268909851125,59.37968452111342,227,84
434,44.96222909196302,44.43333788321206,46.295276582117864,48.30915644270708,46.89395769454454,44.39164654655447,44.10098596642921,48.61340979247176,184,80
435,38.93632012160004,48.766690326367716,33.062340831511406,84.23464872052085,40.59627375959061,51.31213379221606,36.319453984335766,76.7721384638576,205,96
436,25.61186758333802,25.64376693458955,26.95730361679719,27.78706186527524,26.626530671681383,26.166154527735603,25.39998592767077,27.807328872912247,106,64
437,44.22470591377784,47.044117679558674,37.708840433425976,55.02233597323749,45.56623325665893,46.89553280294519,38.005438316579934,53.532795623815936,184,104
438,30.42237366939141,30.288926183677706,29.671628962576143,38.617071184354764,31.43623659220565,30.10607233689968,29.494458904780426,37.96323216611425,129,72
439,31.408925728931404,35.424032191262,31.094326291635443,44.07271578817115,33.488701594434,34.96537856604133,31.018100517913417,42.52781932161125,142,67
440,24.61805392538774,29.219758542412325,24.39129972051033,32.770887811689605,25.255414373509016,29.06233662692519,23.74806315625719,32.934185843308605,111,67
441,60.59654406160517,61.3286651831133,50.80931657988451,69.26547417539703,62.45553255075786,61.73551289951632,50.175207007567806,67.63374754215803,242,96
442,52.42801287708563,44.83921411305649,42.24496381183364,48.4878091980242,53.47955114305902,45.086164239718904,41.83722934215743,47.59705527506464,188,76
443,48.778520783643145,45.522839874445275,45.564893091966695,52.13374624994491,49.677561667459486,45.93901903976512,44.18333866852198,52.200080624253445,192,79
444,33.15186627347278,32.84232385981491,31.93215354297,51.07365632374233,34.40654281492669,33.82080984970466,31.214566344508818,49.55808099085986,149,84
445,48.4351887634699,43.4635232692159,44.62613913388273,61.47514883343146,48.70609811654585,43.77933995006134,45.653977098358,59.860584835034786,198,66
446,38.754295330952075,38.65432520049978,41.5345059415086,42.056873527039556,38.99467711387523,38.918008953102024,40.94710491742756,42.140209015595175,161,86
447,49.2610315507105,50.17606173625582,49.52817494931785,58.03473176371587,52.15399129909924,51.23268411067878,47.16805125237383,56.44527333784815,207,86
448,48.97007107378543,50.505301610589065,45.80637605529954,132.71825126032593,56.28985927235743,52.70680473099469,49.5065371354048,119.49679886124304,278,131
449,16.57802861383029,20.409866923844184,18.230311494397615,34.78179296792791,16.762438944333066,19.414649440495996,18.971156381886235,34.8517552332847,90,54
450,31.26872085458899,28.836467570794838,28.227221807865323,32.66758976675084,32.357091974800795,30.04374309700244,26.68262797193098,31.91653695626578,121,65
451,44.97360091485515,40.42149807940397,39.456788510517555,45.14811249522332,45.604426561323606,40.3843536089394,38.658820571053575,45.352399258683434,170,103
452,37.82695056683012,40.70408051328974,33.11994871339346,44.34902020648669,38.980256506294694,40.23170665799316,32.04105723640085,44.746979599311295,156,88
453,23.95080560149881,27.699140456642997,27.10116168610714,33.24889225575106,24.62985731654774,28.30015169585491,26.31858846500077,32.75140252259658,112,70
454,24.601450807970863,27.00694505909851,24.279918641181723,33.111685491748915,24.436188002979538,26.363135609504457,24.20862776394218,33.99204862357383,109,74
455,69.99282646318815,75.28747203270575,68.39325271308482,82.32644879102132,71.09303787839616,74.03795619536724,68.22049461169246,82.64851131454411,296,128
456,35.75518603943178,38.006758381953745,33.476457159931805,41.76159841868266,37.17946044939963,38.1600312300671,32.84612453488722,40.81438378564609,149,84
457,36.926893073076045,30.102120579026302,27.105320992498203,33.86566535539947,37.00615572365153,30.968108795937336,26.493649203326235,33.532086277084886,128,68
458,72.10988346907699,67.14005887653052,64.2321952534234,80.5178624009691,72.86948180391481,68.79906075957196,63.58668969768572,78.74476773882753,284,109
459,41.92314626178115,46.28552749592246,40.6770317141506,68.11429452814578,43.327544217131546,45.18782285109782,42.96897197710235,65.51566095466826,197,97
460,37.36638908868642,36.6610512143196,32.843817722831126,46.128741974162885,37.49589280265337,37.34826844284909,32.65497069137819,45.50086806311934,153,89
461,89.03470299376018,91.38511136294174,75.91051498251733,105.66967066078071,93.69831578081566,92.2897561779903,79.7127459306466,96.29918211054743,362,78
462,72.0419205588739,61.7308271345532,56.97145570555854,66.25579660101437,71.99281545621248,62.53680480987591,57.70570801550864,64.76467171840294,257,71
463,25.149843945508852,22.78886973850216,22.634065203692373,28.42722111229662,25.213556503804874,22.70572406926341,23.01878668419391,28.061932742737806,99,61
464,37.81754244428598,44.44165359310506,39.69071531398045,56.05008864862856,39.14927143948137,43.812435061106626,38.961927985463845,56.07636551394816,178,91
465,33.809423704748085,34.629264484073836,37.004047815628155,37.557263995549945,35.07892445406391,34.31783458698584,36.72865481246589,36.874586146484354,143,80
466,87.74441450738051,85.71278271909794,78.45169048121552,97.09111229230605,88.58779540014163,88.05952701859088,79.5404646532025,92.81221292806494,349,95
467,21.453195486131932,22.315089330551885,26.92062298053559,22.31109220278059,21.855662164724823,22.116261047523942,26.48146105847351,22.546615729277725,93,55
468,74.59852468898985,69.15987397228866,67.56493702974704,83.67666430897444,76.36823160413772,70.41553576283384,66.28449262317554,81.9317400098529,295,70
469,30.846370415555793,30.568164227003326,27.52339592333936,35.062069434101524,31.646625660658845,30.615193842409617,27.799941748199853,33.938238748731685,124,64
470,32.44343293236736,31.43934113566667,30.957033621457995,34.16019231050797,32.48602077941702,32.06123078647494,29.525848565257146,34.9268998688509,129,74
471,100.928720486305,94.77506750288842,80.60216967203732,107.69404233876928,105.11370126167473,98.55767492158901,80.85315142731324,99.47547238942302,384,97
472,41.5298315443734,36.2036757626495,32.03046614244014,39.23602655053695,41.024197928837424,37.50840503722882,31.71403064574946,38.75336638818428,149,71
473,46.181740113810655,45.88080735215664,42.39521528826572,57.54223724576701,48.41604054823855,44.595393204854545,42.32736504475558,56.6612012021513,192,85
474,28.81924827628956,32.000704825691436,26.154290766526604,67.02575613149239,28.773521016603915,32.472789874280906,26.08547771744225,66.66821139167291,154,108
475,56.47523269455135,58.332575059346844,51.09452572757338,74.09766651852844,60.04663491689204,57.73244881799571,51.75889922521628,70.46201703989597,240,81
476,42.1153192451633,38.867764366699355,45.03702786918983,51.97988851894749,42.81172553665537,40.05799162236388,44.43757979391843,50.69270304706232,178,103
477,96.47606347438357,96.26923675267459,88.95273506064959,105.3019647122922,99.2909449251072,98.7492829186624,86.74295360117462,102.21681855505574,387,89
478,36.31666365774564,38.313940028128435,31.634654190414455,41.734742123711484,36.88217746745851,38.068650879012345,31.271148625471064,41.77802302805809,148,105
479,41.421033811238075,45.01806961957378,46.095116460930754,59.4657801082574,42.606337966472864,45.488092628866916,45.910674452824125,57.994894951836095,192,81
480,28.101137896647757,28.866043711043275,28.820089597538004,33.21272879477096,29.759491546220982,28.890652701613856,27.234495681585614,33.11536007057955,119,72
481,74.2253996954917,66.71473724909634,59.302531094380775,75.75733196103111,74.8926066280104,66.64306824717748,60.9647044641523,73.49962066065983,276,100
482,42.60025685008048,38.675984125018644,38.949032956380115,43.77472606852077,43.29299735920663,39.32169701048119,37.167733099961275,44.21757253035092,164,96
483,35.312673025485275,32.80914092205486,38.211744937822886,36.666441114636996,36.57973134086679,33.57867039491262,36.52961376082052,36.31198450340004,143,78
484,44.26943439084716,42.957645006809045,43.49333967652278,45.27958092582105,45.07660968939061,42.222958941287686,42.83724600495828,45.86318536436343,176,77
485,33.32881913944387,35.17211072134275,31.111942495517635,41.387127643695734,34.19783974263819,35.1107792563277,30.88561590152434,40.80576509950977,141,87
486,57.93449547665646,56.582277449760305,52.075108017121856,59.40811905646139,60.14766168022407,56.98187594745109,50.25482829823458,58.615634074090266,226,86
487,46.1592932127858,52.6661156078825,46.24168617661082,72.93290500272084,47.612127128629865,52.890302340935385,46.2255133186158,71.27205721181895,218,97
488,23.672005022566765,31.12753968550176,23.864792994534785,78.33566229739668,24.493317276572537,32.97279375798792,25.483507542518375,74.05038142292116,157,77
489,35.106206760550215,36.06007394376916,36.22623723706311,42.607482058617514,36.80824684919677,36.84010090004985,34.43035945810906,41.92129279264433,150,75
490,24.678980194491732,23.721301270085632,21.02018807517979,28.57953046024286,25.030804595029004,23.79164472060593,21.440376415764213,27.737174268600842,98,53
491,26.13102206896533,27.620228358963132,28.894331184842045,30.35441838722948,27.47185010807807,27.92005227718112,28.648358452849347,28.95973916189146,113,56
492,58.77327589434386,48.14527814251789,56.314297913116796,52.767148050021525,60.793158487459586,50.23625661565842,51.999679484049885,52.97090541283214,216,82
493,39.05166399436408,38.70733591513141,39.7574133279791,45.483586762525405,39.44835345573202,39.83276901817629,39.143122179736515,44.57575534635516,163,71
494,43.129005599708826,39.11968037003339,36.916452137885216,45.834861892372615,44.508651033116536,40.10588720869276,35.29840151390786,45.08706024428286,165,87
495,43.13991775717809,41.970981206257164,40.57549294812582,49.313608088438954,44.68733852503549,41.14651192993455,39.28829027046605,49.87785927456388,175,96
496,29.421675951442417,26.546292234989398,22.91849093693285,29.11354087663536,29.74960984848677,27.438352793609422,23.066993329932163,27.745044027971648,108,57
497,100.89365122754523,97.31996968643296,89.16261758052504,107.62376150549672,104.07558981139542,99.42852944073492,86.39211441001234,105.10376633785732,395,87
498,42.77157407591772,36.89059522774617,37.47756788067969,50.860262815656455,43.66676369283969,37.556694544115565,37.39187027899028,49.38467148405444,168,66
499,59.92485810881305,51.84448097609278,53.093112532480305,63.137548382613886,61.447860672256,54.22390016187852,51.579180490006024,60.74905867585947,228,71
500,77.41887943848826,60.554347236580156,54.947692076579216,86.07908124835237,79.44839690592649,62.251562765383596,55.561181443165935,81.73885888552397,279,75
501,41.78858158174315,41.55679416622374,40.563773501564256,47.09085075046882,43.48151293523103,41.06484265505269,39.9283783632452,46.52526604647107,171,84
502,44.84283969722565,46.31195818165912,44.25059012659025,48.59461199452496,45.86450822586139,44.96136412721156,43.85413223768281,49.31999540924424,184,102
503,63.16411608859568,57.87456163874268,58.76590240091722,74.19541987174443,65.48989055972038,59.425766759949944,57.64525338116368,71.43908929916601,254,81
504,42.551951113283906,37.549548892277755,35.469490430238324,41.42900956420002,43.06689991032879,38.6247707359979,35.3534965064165,39.95483284725677,157,70
505,39.279650345108685,40.889313846169856,32.89969666025916,52.93133914846229,40.14147540909526,40.02682767634044,32.96581237784761,52.86588453671671,166,92
506,76.64442699017155,73.32580516576834,66.23781384081214,83.79195400324794,77.87904026986811,74.67844295974048,66.31142890887689,81.13108786151449,300,87
507,35.69991230704556,37.08787019399472,35.8747830546518,51.33743444430792,35.9478877625799,38.470936443306506,36.241866782918315,49.33930901119531,160,95
508,48.70866725330018,52.97600646711876,46.11203747837799,59.20328880120307,49.6118380127462,54.66996872109344,43.6915790675339,59.026614198626476,207,82
509,62.67367141596197,50.26886895571436,62.40532109023322,79.65213853809047,63.58119887626492,54.616141937333786,60.52356598058537,76.27909320581593,255,73
510,22.99870414060611,21.518801396468884,24.62283504802664,25.85965941489838,23.195582748744986,21.894421590581683,24.192266569063666,25.717729091609655,95,61
511,47.38104493001457,49.590331226471555,40.44845121846741,73.58017262504649,48.81475839174122,49.38270820121187,39.63928551004439,73.16324789700252,211,114
512,47.99125577785399,42.73996693137388,43.5635682608961,52.70520902987601,47.74015138247273,43.655632758944044,43.51208430771564,52.0921315508676,187,73
513,39.72235054708881,38.979094025123345,36.669691834727196,42.62886359306065,41.11748259525176,39.13281003627657,35.23382807797721,42.515879290494475,158,86
514,44.849541178765605,46.63129992999918,39.41587122226026,49.10328766897493,45.803878503636376,46.17605021909284,39.330144219387776,48.68992705788302,180,78
515,47.579130280849924,41.806865265986126,37.977105165745954,48.636899287418,47.86369119865558,42.643046453965304,37.77586934477277,47.71739300260634,176,82
516,35.531385924706,33.55665460444782,36.642941684723205,50.269017786123,37.768306828750234,40.478001531725425,34.77417544217539,42.97951619734896,156,61
517,41.34537358838364,38.18922450744122,36.85426012774394,47.61114177643122,41.914750426612436,39.45138111082398,35.9924743371744,46.64139412538917,164,99
518,37.49325675823953,35.4411339276691,28.10122911446691,51.9643801996245,37.91741472335579,35.186584473250164,29.025164011008286,50.870836792385745,153,85
519,25.620622842495138,26.013182115492114,24.599405347175814,27.76678969483696,26.739392506322584,26.16383529284445,23.913451804894724,27.18332039593826,104,53
520,77.34997330991669,76.7670971067212,64.58053466483236,133.30239491852979,80.9353713607144,81.77391331194382,64.42482805767463,124.86588726966714,352,125
521,43.168517642404,37.87890279444846,34.84105734086336,47.11152222228418,42.41701247847353,38.650368880379645,34.88976496594244,47.04285367520439,163,104
522,38.051748672816956,40.812875101140186,42.20994220432562,47.92543402171725,39.236375087585984,40.90661866982033,42.60450274501979,46.25250349757391,169,89
523,38.45709392905666,45.3570635291851,35.475330395919954,89.71051214583828,39.00596287959797,48.51800467430286,35.96965510780334,85.50637733829585,209,131
524,80.88980829150836,70.20641155271967,73.35044667458251,79.55333348118941,86.20431442640964,72.3211455704296,69.10461409181212,76.36992591134867,304,70
